{
    "__future__": {
        "bacon": 1,
        "imported_by": [
            "create_pretraining_data.py"
        ],
        "name": "__future__",
        "path": "/home/jaidev/anaconda3/envs/stt/lib/python3.10/__future__.py"
    },
    "_collections": {
        "bacon": 2,
        "imported_by": [
            "collections"
        ],
        "name": "_collections",
        "path": null
    },
    "_collections_abc": {
        "bacon": 2,
        "imported_by": [
            "collections",
            "os",
            "random"
        ],
        "imports": [
            "sys"
        ],
        "name": "_collections_abc",
        "path": "/home/jaidev/anaconda3/envs/stt/lib/python3.10/_collections_abc.py"
    },
    "_random": {
        "bacon": 2,
        "imported_by": [
            "random"
        ],
        "name": "_random",
        "path": "/home/jaidev/anaconda3/envs/stt/lib/python3.10/lib-dynload/_random.cpython-310-x86_64-linux-gnu.so"
    },
    "_sha512": {
        "bacon": 2,
        "imported_by": [
            "hashlib",
            "random"
        ],
        "name": "_sha512",
        "path": "/home/jaidev/anaconda3/envs/stt/lib/python3.10/lib-dynload/_sha512.cpython-310-x86_64-linux-gnu.so"
    },
    "_weakref": {
        "bacon": 2,
        "imported_by": [
            "collections"
        ],
        "name": "_weakref",
        "path": null
    },
    "bisect": {
        "bacon": 2,
        "imported_by": [
            "random",
            "statistics"
        ],
        "name": "bisect",
        "path": "/home/jaidev/anaconda3/envs/stt/lib/python3.10/bisect.py"
    },
    "collections": {
        "bacon": 1,
        "imported_by": [
            "create_pretraining_data.py",
            "statistics"
        ],
        "imports": [
            "_collections",
            "_collections_abc",
            "_weakref",
            "copy",
            "heapq",
            "itertools",
            "keyword",
            "operator",
            "reprlib",
            "sys"
        ],
        "name": "collections",
        "path": "/home/jaidev/anaconda3/envs/stt/lib/python3.10/collections/__init__.py"
    },
    "copy": {
        "bacon": 2,
        "imported_by": [
            "collections"
        ],
        "name": "copy",
        "path": "/home/jaidev/anaconda3/envs/stt/lib/python3.10/copy.py"
    },
    "create_pretraining_data.py": {
        "bacon": 0,
        "imports": [
            "__future__",
            "collections",
            "random"
        ],
        "name": "create_pretraining_data.py",
        "path": "create_pretraining_data.py"
    },
    "hashlib": {
        "bacon": 2,
        "imported_by": [
            "random"
        ],
        "imports": [
            "_sha512",
            "warnings"
        ],
        "name": "hashlib",
        "path": "/home/jaidev/anaconda3/envs/stt/lib/python3.10/hashlib.py"
    },
    "heapq": {
        "bacon": 2,
        "imported_by": [
            "collections"
        ],
        "name": "heapq",
        "path": "/home/jaidev/anaconda3/envs/stt/lib/python3.10/heapq.py"
    },
    "itertools": {
        "bacon": 2,
        "imported_by": [
            "collections",
            "random",
            "reprlib",
            "statistics"
        ],
        "name": "itertools",
        "path": null
    },
    "keyword": {
        "bacon": 2,
        "imported_by": [
            "collections"
        ],
        "name": "keyword",
        "path": "/home/jaidev/anaconda3/envs/stt/lib/python3.10/keyword.py"
    },
    "math": {
        "bacon": 2,
        "imported_by": [
            "random",
            "statistics"
        ],
        "name": "math",
        "path": "/home/jaidev/anaconda3/envs/stt/lib/python3.10/lib-dynload/math.cpython-310-x86_64-linux-gnu.so"
    },
    "operator": {
        "bacon": 2,
        "imported_by": [
            "collections",
            "random",
            "statistics"
        ],
        "name": "operator",
        "path": "/home/jaidev/anaconda3/envs/stt/lib/python3.10/operator.py"
    },
    "os": {
        "bacon": 2,
        "imported_by": [
            "os",
            "random"
        ],
        "imports": [
            "_collections_abc",
            "os",
            "sys",
            "warnings"
        ],
        "name": "os",
        "path": "/home/jaidev/anaconda3/envs/stt/lib/python3.10/os.py"
    },
    "random": {
        "bacon": 1,
        "imported_by": [
            "create_pretraining_data.py",
            "statistics"
        ],
        "imports": [
            "_collections_abc",
            "_random",
            "_sha512",
            "bisect",
            "hashlib",
            "itertools",
            "math",
            "operator",
            "os",
            "statistics",
            "time",
            "warnings"
        ],
        "name": "random",
        "path": "/home/jaidev/anaconda3/envs/stt/lib/python3.10/random.py"
    },
    "reprlib": {
        "bacon": 2,
        "imported_by": [
            "collections"
        ],
        "imports": [
            "itertools"
        ],
        "name": "reprlib",
        "path": "/home/jaidev/anaconda3/envs/stt/lib/python3.10/reprlib.py"
    },
    "statistics": {
        "bacon": 2,
        "imported_by": [
            "random"
        ],
        "imports": [
            "bisect",
            "collections",
            "itertools",
            "math",
            "operator",
            "random"
        ],
        "name": "statistics",
        "path": "/home/jaidev/anaconda3/envs/stt/lib/python3.10/statistics.py"
    },
    "sys": {
        "bacon": 2,
        "imported_by": [
            "_collections_abc",
            "collections",
            "os",
            "warnings"
        ],
        "name": "sys",
        "path": null
    },
    "time": {
        "bacon": 2,
        "imported_by": [
            "random"
        ],
        "name": "time",
        "path": null
    },
    "warnings": {
        "bacon": 2,
        "imported_by": [
            "hashlib",
            "os",
            "random"
        ],
        "imports": [
            "sys"
        ],
        "name": "warnings",
        "path": "/home/jaidev/anaconda3/envs/stt/lib/python3.10/warnings.py"
    }
}
