{
    "__future__": {
        "bacon": 1,
        "imported_by": [
            "extract_features.py"
        ],
        "name": "__future__",
        "path": "/home/jaidev/anaconda3/envs/stt/lib/python3.10/__future__.py"
    },
    "_codecs": {
        "bacon": 2,
        "imported_by": [
            "codecs"
        ],
        "name": "_codecs",
        "path": null
    },
    "_collections": {
        "bacon": 2,
        "imported_by": [
            "collections"
        ],
        "name": "_collections",
        "path": null
    },
    "_collections_abc": {
        "bacon": 2,
        "imported_by": [
            "collections"
        ],
        "imports": [
            "sys"
        ],
        "name": "_collections_abc",
        "path": "/home/jaidev/anaconda3/envs/stt/lib/python3.10/_collections_abc.py"
    },
    "_locale": {
        "bacon": 2,
        "imported_by": [
            "re"
        ],
        "name": "_locale",
        "path": null
    },
    "_weakref": {
        "bacon": 2,
        "imported_by": [
            "collections"
        ],
        "name": "_weakref",
        "path": null
    },
    "builtins": {
        "bacon": 2,
        "imported_by": [
            "codecs",
            "operator",
            "reprlib"
        ],
        "name": "builtins",
        "path": null
    },
    "codecs": {
        "bacon": 1,
        "imported_by": [
            "encodings",
            "extract_features.py",
            "json"
        ],
        "imports": [
            "_codecs",
            "builtins",
            "encodings",
            "sys"
        ],
        "name": "codecs",
        "path": "/home/jaidev/anaconda3/envs/stt/lib/python3.10/codecs.py"
    },
    "collections": {
        "bacon": 1,
        "imported_by": [
            "extract_features.py",
            "functools"
        ],
        "imports": [
            "_collections",
            "_collections_abc",
            "_weakref",
            "copy",
            "heapq",
            "itertools",
            "keyword",
            "operator",
            "reprlib",
            "sys"
        ],
        "name": "collections",
        "path": "/home/jaidev/anaconda3/envs/stt/lib/python3.10/collections/__init__.py"
    },
    "copy": {
        "bacon": 2,
        "imported_by": [
            "collections"
        ],
        "imports": [
            "copyreg"
        ],
        "name": "copy",
        "path": "/home/jaidev/anaconda3/envs/stt/lib/python3.10/copy.py"
    },
    "copyreg": {
        "bacon": 2,
        "imported_by": [
            "copy",
            "re"
        ],
        "imports": [
            "functools",
            "operator"
        ],
        "name": "copyreg",
        "path": "/home/jaidev/anaconda3/envs/stt/lib/python3.10/copyreg.py"
    },
    "encodings": {
        "bacon": 2,
        "imported_by": [
            "codecs",
            "encodings"
        ],
        "imports": [
            "codecs",
            "encodings",
            "sys"
        ],
        "name": "encodings",
        "path": "/home/jaidev/anaconda3/envs/stt/lib/python3.10/encodings/__init__.py"
    },
    "enum": {
        "bacon": 2,
        "imported_by": [
            "re"
        ],
        "imports": [
            "sys"
        ],
        "name": "enum",
        "path": "/home/jaidev/anaconda3/envs/stt/lib/python3.10/enum.py"
    },
    "extract_features.py": {
        "bacon": 0,
        "imports": [
            "__future__",
            "codecs",
            "collections",
            "json",
            "re"
        ],
        "name": "extract_features.py",
        "path": "extract_features.py"
    },
    "functools": {
        "bacon": 2,
        "imported_by": [
            "copyreg",
            "operator",
            "re"
        ],
        "imports": [
            "collections",
            "reprlib"
        ],
        "name": "functools",
        "path": "/home/jaidev/anaconda3/envs/stt/lib/python3.10/functools.py"
    },
    "heapq": {
        "bacon": 2,
        "imported_by": [
            "collections"
        ],
        "name": "heapq",
        "path": "/home/jaidev/anaconda3/envs/stt/lib/python3.10/heapq.py"
    },
    "itertools": {
        "bacon": 2,
        "imported_by": [
            "collections",
            "reprlib"
        ],
        "name": "itertools",
        "path": null
    },
    "json": {
        "bacon": 1,
        "imported_by": [
            "extract_features.py",
            "json.decoder"
        ],
        "imports": [
            "codecs",
            "json.decoder",
            "json.encoder"
        ],
        "name": "json",
        "path": "/home/jaidev/anaconda3/envs/stt/lib/python3.10/json/__init__.py"
    },
    "json.decoder": {
        "bacon": 2,
        "imported_by": [
            "json"
        ],
        "imports": [
            "json",
            "re"
        ],
        "name": "json.decoder",
        "path": "/home/jaidev/anaconda3/envs/stt/lib/python3.10/json/decoder.py"
    },
    "json.encoder": {
        "bacon": 2,
        "imported_by": [
            "json"
        ],
        "imports": [
            "re"
        ],
        "name": "json.encoder",
        "path": "/home/jaidev/anaconda3/envs/stt/lib/python3.10/json/encoder.py"
    },
    "keyword": {
        "bacon": 2,
        "imported_by": [
            "collections"
        ],
        "name": "keyword",
        "path": "/home/jaidev/anaconda3/envs/stt/lib/python3.10/keyword.py"
    },
    "operator": {
        "bacon": 2,
        "imported_by": [
            "collections",
            "copyreg"
        ],
        "imports": [
            "builtins",
            "functools"
        ],
        "name": "operator",
        "path": "/home/jaidev/anaconda3/envs/stt/lib/python3.10/operator.py"
    },
    "re": {
        "bacon": 1,
        "imported_by": [
            "extract_features.py",
            "json.decoder",
            "json.encoder"
        ],
        "imports": [
            "_locale",
            "copyreg",
            "enum",
            "functools",
            "sre_compile",
            "sre_constants",
            "sre_parse"
        ],
        "name": "re",
        "path": "/home/jaidev/anaconda3/envs/stt/lib/python3.10/re.py"
    },
    "reprlib": {
        "bacon": 2,
        "imported_by": [
            "collections",
            "functools"
        ],
        "imports": [
            "builtins",
            "itertools"
        ],
        "name": "reprlib",
        "path": "/home/jaidev/anaconda3/envs/stt/lib/python3.10/reprlib.py"
    },
    "sre_compile": {
        "bacon": 2,
        "imported_by": [
            "re"
        ],
        "imports": [
            "sre_constants",
            "sre_parse",
            "sys"
        ],
        "name": "sre_compile",
        "path": "/home/jaidev/anaconda3/envs/stt/lib/python3.10/sre_compile.py"
    },
    "sre_constants": {
        "bacon": 2,
        "imported_by": [
            "re",
            "sre_compile",
            "sre_parse"
        ],
        "name": "sre_constants",
        "path": "/home/jaidev/anaconda3/envs/stt/lib/python3.10/sre_constants.py"
    },
    "sre_parse": {
        "bacon": 2,
        "imported_by": [
            "re",
            "sre_compile"
        ],
        "imports": [
            "sre_constants"
        ],
        "name": "sre_parse",
        "path": "/home/jaidev/anaconda3/envs/stt/lib/python3.10/sre_parse.py"
    },
    "sys": {
        "bacon": 2,
        "imported_by": [
            "_collections_abc",
            "codecs",
            "collections",
            "encodings",
            "enum",
            "sre_compile"
        ],
        "name": "sys",
        "path": null
    }
}
