{
    "__future__": {
        "bacon": 1,
        "imported_by": [
            "modeling.py",
            "six"
        ],
        "name": "__future__",
        "path": "/home/jaidev/anaconda3/envs/stt/lib/python3.10/__future__.py"
    },
    "_collections": {
        "bacon": 2,
        "imported_by": [
            "collections"
        ],
        "name": "_collections",
        "path": null
    },
    "_collections_abc": {
        "bacon": 2,
        "imported_by": [
            "collections",
            "os",
            "pathlib",
            "types",
            "weakref"
        ],
        "name": "_collections_abc",
        "path": "/home/jaidev/anaconda3/envs/stt/lib/python3.10/_collections_abc.py"
    },
    "_locale": {
        "bacon": 2,
        "imported_by": [
            "re"
        ],
        "name": "_locale",
        "path": null
    },
    "_weakref": {
        "bacon": 2,
        "imported_by": [
            "collections",
            "weakref"
        ],
        "name": "_weakref",
        "path": null
    },
    "builtins": {
        "bacon": 2,
        "imported_by": [
            "codecs",
            "numpy",
            "numpy.core.numeric",
            "numpy.core.numerictypes",
            "numpy.lib.function_base",
            "operator",
            "reprlib",
            "warnings"
        ],
        "name": "builtins",
        "path": null
    },
    "codecs": {
        "bacon": 2,
        "imported_by": [
            "json"
        ],
        "imports": [
            "builtins"
        ],
        "name": "codecs",
        "path": "/home/jaidev/anaconda3/envs/stt/lib/python3.10/codecs.py"
    },
    "collections": {
        "bacon": 1,
        "imported_by": [
            "functools",
            "modeling.py",
            "numpy.core._ufunc_config",
            "numpy.core.overrides",
            "numpy.core.records",
            "numpy.lib.function_base",
            "numpy.lib.npyio"
        ],
        "imports": [
            "_collections",
            "_collections_abc",
            "_weakref",
            "copy",
            "heapq",
            "itertools",
            "keyword",
            "operator",
            "reprlib"
        ],
        "name": "collections",
        "path": "/home/jaidev/anaconda3/envs/stt/lib/python3.10/collections/__init__.py"
    },
    "copy": {
        "bacon": 1,
        "imported_by": [
            "collections",
            "modeling.py",
            "weakref"
        ],
        "imports": [
            "copyreg",
            "types",
            "weakref"
        ],
        "name": "copy",
        "path": "/home/jaidev/anaconda3/envs/stt/lib/python3.10/copy.py"
    },
    "copyreg": {
        "bacon": 2,
        "imported_by": [
            "copy",
            "numpy.core",
            "re"
        ],
        "imports": [
            "functools",
            "operator"
        ],
        "name": "copyreg",
        "path": "/home/jaidev/anaconda3/envs/stt/lib/python3.10/copyreg.py"
    },
    "enum": {
        "bacon": 2,
        "imported_by": [
            "numpy.__config__",
            "numpy._globals",
            "re"
        ],
        "imports": [
            "types",
            "warnings"
        ],
        "name": "enum",
        "path": "/home/jaidev/anaconda3/envs/stt/lib/python3.10/enum.py"
    },
    "functools": {
        "bacon": 2,
        "imported_by": [
            "copyreg",
            "importlib.util",
            "numpy.core.arrayprint",
            "numpy.core.defchararray",
            "numpy.core.fromnumeric",
            "numpy.core.function_base",
            "numpy.core.multiarray",
            "numpy.core.numeric",
            "numpy.core.overrides",
            "numpy.core.shape_base",
            "numpy.lib.arraysetops",
            "numpy.lib.arrayterator",
            "numpy.lib.function_base",
            "numpy.lib.histograms",
            "numpy.lib.index_tricks",
            "numpy.lib.nanfunctions",
            "numpy.lib.npyio",
            "numpy.lib.polynomial",
            "numpy.lib.shape_base",
            "numpy.lib.twodim_base",
            "numpy.lib.type_check",
            "numpy.lib.ufunclike",
            "numpy.lib.utils",
            "operator",
            "pathlib",
            "re",
            "six",
            "types"
        ],
        "imports": [
            "collections",
            "reprlib",
            "types",
            "weakref"
        ],
        "name": "functools",
        "path": "/home/jaidev/anaconda3/envs/stt/lib/python3.10/functools.py"
    },
    "heapq": {
        "bacon": 2,
        "imported_by": [
            "collections"
        ],
        "name": "heapq",
        "path": "/home/jaidev/anaconda3/envs/stt/lib/python3.10/heapq.py"
    },
    "importlib": {
        "bacon": 2,
        "imported_by": [
            "importlib",
            "six"
        ],
        "imports": [
            "importlib",
            "warnings"
        ],
        "name": "importlib",
        "path": "/home/jaidev/anaconda3/envs/stt/lib/python3.10/importlib/__init__.py"
    },
    "importlib.util": {
        "bacon": 2,
        "imported_by": [
            "six"
        ],
        "imports": [
            "functools",
            "types",
            "warnings"
        ],
        "name": "importlib.util",
        "path": "/home/jaidev/anaconda3/envs/stt/lib/python3.10/importlib/util.py"
    },
    "io": {
        "bacon": 2,
        "imported_by": [
            "numpy.lib._datasource",
            "numpy.lib.format",
            "numpy.lib.utils",
            "os",
            "pathlib",
            "six"
        ],
        "imports": [
            "warnings"
        ],
        "name": "io",
        "path": "/home/jaidev/anaconda3/envs/stt/lib/python3.10/io.py"
    },
    "itertools": {
        "bacon": 2,
        "imported_by": [
            "collections",
            "numpy.core.einsumfunc",
            "numpy.core.numeric",
            "numpy.core.shape_base",
            "numpy.lib.npyio",
            "numpy.lib.recfunctions",
            "reprlib",
            "six",
            "weakref"
        ],
        "name": "itertools",
        "path": null
    },
    "json": {
        "bacon": 1,
        "imported_by": [
            "json.decoder",
            "modeling.py",
            "numpy.__config__"
        ],
        "imports": [
            "codecs",
            "json.decoder",
            "json.encoder"
        ],
        "name": "json",
        "path": "/home/jaidev/anaconda3/envs/stt/lib/python3.10/json/__init__.py"
    },
    "json.decoder": {
        "bacon": 2,
        "imported_by": [
            "json"
        ],
        "imports": [
            "json",
            "re"
        ],
        "name": "json.decoder",
        "path": "/home/jaidev/anaconda3/envs/stt/lib/python3.10/json/decoder.py"
    },
    "json.encoder": {
        "bacon": 2,
        "imported_by": [
            "json"
        ],
        "imports": [
            "re"
        ],
        "name": "json.encoder",
        "path": "/home/jaidev/anaconda3/envs/stt/lib/python3.10/json/encoder.py"
    },
    "keyword": {
        "bacon": 2,
        "imported_by": [
            "collections"
        ],
        "name": "keyword",
        "path": "/home/jaidev/anaconda3/envs/stt/lib/python3.10/keyword.py"
    },
    "math": {
        "bacon": 1,
        "imported_by": [
            "modeling.py",
            "numpy",
            "numpy.core._machar",
            "numpy.lib",
            "numpy.lib.index_tricks"
        ],
        "name": "math",
        "path": "/home/jaidev/anaconda3/envs/stt/lib/python3.10/lib-dynload/math.cpython-310-x86_64-linux-gnu.so"
    },
    "modeling.py": {
        "bacon": 0,
        "imports": [
            "__future__",
            "collections",
            "copy",
            "json",
            "math",
            "numpy",
            "re",
            "six"
        ],
        "name": "modeling.py",
        "path": "modeling.py"
    },
    "numpy": {
        "bacon": 1,
        "imported_by": [
            "modeling.py",
            "numpy",
            "numpy.__config__",
            "numpy._pytesttester",
            "numpy.compat",
            "numpy.core",
            "numpy.core._add_newdocs",
            "numpy.core._add_newdocs_scalars",
            "numpy.core._dtype",
            "numpy.core._dtype_ctypes",
            "numpy.core._internal",
            "numpy.core._methods",
            "numpy.core._type_aliases",
            "numpy.core._ufunc_config",
            "numpy.core.arrayprint",
            "numpy.core.defchararray",
            "numpy.core.einsumfunc",
            "numpy.core.fromnumeric",
            "numpy.core.function_base",
            "numpy.core.getlimits",
            "numpy.core.memmap",
            "numpy.core.multiarray",
            "numpy.core.numeric",
            "numpy.core.numerictypes",
            "numpy.core.overrides",
            "numpy.core.records",
            "numpy.core.shape_base",
            "numpy.core.umath",
            "numpy.ctypeslib",
            "numpy.dtypes",
            "numpy.fft",
            "numpy.lib",
            "numpy.lib._iotools",
            "numpy.lib.arraypad",
            "numpy.lib.arraysetops",
            "numpy.lib.format",
            "numpy.lib.function_base",
            "numpy.lib.histograms",
            "numpy.lib.index_tricks",
            "numpy.lib.mixins",
            "numpy.lib.nanfunctions",
            "numpy.lib.npyio",
            "numpy.lib.polynomial",
            "numpy.lib.recfunctions",
            "numpy.lib.scimath",
            "numpy.lib.setup",
            "numpy.lib.shape_base",
            "numpy.lib.stride_tricks",
            "numpy.lib.twodim_base",
            "numpy.lib.type_check",
            "numpy.lib.ufunclike",
            "numpy.lib.user_array",
            "numpy.lib.utils",
            "numpy.linalg",
            "numpy.ma",
            "numpy.matrixlib",
            "numpy.matrixlib.defmatrix",
            "numpy.matrixlib.setup",
            "numpy.polynomial",
            "numpy.random",
            "numpy.testing"
        ],
        "imports": [
            "builtins",
            "math",
            "numpy",
            "numpy.__config__",
            "numpy._distributor_init",
            "numpy._globals",
            "numpy._pytesttester",
            "numpy.compat",
            "numpy.core",
            "numpy.core._add_newdocs",
            "numpy.core._add_newdocs_scalars",
            "numpy.core._asarray",
            "numpy.core._dtype",
            "numpy.core._dtype_ctypes",
            "numpy.core._exceptions",
            "numpy.core._internal",
            "numpy.core._machar",
            "numpy.core._methods",
            "numpy.core._multiarray_tests",
            "numpy.core._multiarray_umath",
            "numpy.core._operand_flag_tests",
            "numpy.core._rational_tests",
            "numpy.core._simd",
            "numpy.core._string_helpers",
            "numpy.core._struct_ufunc_tests",
            "numpy.core._type_aliases",
            "numpy.core._ufunc_config",
            "numpy.core._umath_tests",
            "numpy.core.arrayprint",
            "numpy.core.cversions",
            "numpy.core.defchararray",
            "numpy.core.einsumfunc",
            "numpy.core.fromnumeric",
            "numpy.core.function_base",
            "numpy.core.getlimits",
            "numpy.core.memmap",
            "numpy.core.multiarray",
            "numpy.core.numeric",
            "numpy.core.numerictypes",
            "numpy.core.overrides",
            "numpy.core.records",
            "numpy.core.shape_base",
            "numpy.core.umath",
            "numpy.core.umath_tests",
            "numpy.ctypeslib",
            "numpy.dtypes",
            "numpy.exceptions",
            "numpy.fft",
            "numpy.lib",
            "numpy.lib._datasource",
            "numpy.lib._iotools",
            "numpy.lib._version",
            "numpy.lib.arraypad",
            "numpy.lib.arraysetops",
            "numpy.lib.arrayterator",
            "numpy.lib.format",
            "numpy.lib.function_base",
            "numpy.lib.histograms",
            "numpy.lib.index_tricks",
            "numpy.lib.mixins",
            "numpy.lib.nanfunctions",
            "numpy.lib.npyio",
            "numpy.lib.polynomial",
            "numpy.lib.recfunctions",
            "numpy.lib.scimath",
            "numpy.lib.setup",
            "numpy.lib.shape_base",
            "numpy.lib.stride_tricks",
            "numpy.lib.twodim_base",
            "numpy.lib.type_check",
            "numpy.lib.ufunclike",
            "numpy.lib.user_array",
            "numpy.lib.utils",
            "numpy.linalg",
            "numpy.ma",
            "numpy.matrixlib",
            "numpy.matrixlib.defmatrix",
            "numpy.matrixlib.setup",
            "numpy.polynomial",
            "numpy.random",
            "numpy.testing",
            "numpy.version",
            "os",
            "pathlib",
            "warnings"
        ],
        "name": "numpy",
        "path": "/home/jaidev/anaconda3/envs/stt/lib/python3.10/site-packages/numpy/__init__.py"
    },
    "numpy.__config__": {
        "bacon": 2,
        "imported_by": [
            "numpy"
        ],
        "imports": [
            "enum",
            "json",
            "numpy",
            "numpy.core",
            "numpy.core._multiarray_umath",
            "warnings"
        ],
        "name": "numpy.__config__",
        "path": "/home/jaidev/anaconda3/envs/stt/lib/python3.10/site-packages/numpy/__config__.py"
    },
    "numpy._distributor_init": {
        "bacon": 2,
        "imported_by": [
            "numpy"
        ],
        "imports": [
            "warnings"
        ],
        "name": "numpy._distributor_init",
        "path": "/home/jaidev/anaconda3/envs/stt/lib/python3.10/site-packages/numpy/_distributor_init.py"
    },
    "numpy._globals": {
        "bacon": 2,
        "imported_by": [
            "numpy",
            "numpy.core._methods"
        ],
        "imports": [
            "enum"
        ],
        "name": "numpy._globals",
        "path": "/home/jaidev/anaconda3/envs/stt/lib/python3.10/site-packages/numpy/_globals.py"
    },
    "numpy._pytesttester": {
        "bacon": 2,
        "imported_by": [
            "numpy",
            "numpy.core",
            "numpy.fft",
            "numpy.lib",
            "numpy.linalg",
            "numpy.ma",
            "numpy.matrixlib",
            "numpy.polynomial",
            "numpy.random",
            "numpy.testing"
        ],
        "imports": [
            "numpy",
            "numpy.testing",
            "os",
            "warnings"
        ],
        "name": "numpy._pytesttester",
        "path": "/home/jaidev/anaconda3/envs/stt/lib/python3.10/site-packages/numpy/_pytesttester.py"
    },
    "numpy.compat": {
        "bacon": 2,
        "imported_by": [
            "numpy",
            "numpy.compat",
            "numpy.core._methods",
            "numpy.core._type_aliases",
            "numpy.core.defchararray",
            "numpy.core.memmap",
            "numpy.core.numerictypes",
            "numpy.core.records",
            "numpy.lib._iotools",
            "numpy.lib.format",
            "numpy.lib.npyio"
        ],
        "imports": [
            "numpy",
            "numpy.compat"
        ],
        "name": "numpy.compat",
        "path": "/home/jaidev/anaconda3/envs/stt/lib/python3.10/site-packages/numpy/compat/__init__.py"
    },
    "numpy.core": {
        "bacon": 2,
        "imported_by": [
            "numpy",
            "numpy.__config__",
            "numpy.core",
            "numpy.core._add_newdocs",
            "numpy.core._add_newdocs_scalars",
            "numpy.core._methods",
            "numpy.core._type_aliases",
            "numpy.core._ufunc_config",
            "numpy.core.arrayprint",
            "numpy.core.defchararray",
            "numpy.core.einsumfunc",
            "numpy.core.fromnumeric",
            "numpy.core.function_base",
            "numpy.core.getlimits",
            "numpy.core.multiarray",
            "numpy.core.numeric",
            "numpy.core.overrides",
            "numpy.core.records",
            "numpy.core.shape_base",
            "numpy.core.umath",
            "numpy.ctypeslib",
            "numpy.lib",
            "numpy.lib._iotools",
            "numpy.lib.arraypad",
            "numpy.lib.arraysetops",
            "numpy.lib.function_base",
            "numpy.lib.histograms",
            "numpy.lib.index_tricks",
            "numpy.lib.mixins",
            "numpy.lib.nanfunctions",
            "numpy.lib.npyio",
            "numpy.lib.polynomial",
            "numpy.lib.recfunctions",
            "numpy.lib.scimath",
            "numpy.lib.shape_base",
            "numpy.lib.stride_tricks",
            "numpy.lib.twodim_base",
            "numpy.lib.type_check",
            "numpy.lib.ufunclike",
            "numpy.lib.user_array",
            "numpy.lib.utils",
            "numpy.matrixlib.defmatrix"
        ],
        "imports": [
            "copyreg",
            "numpy",
            "numpy._pytesttester",
            "numpy.core",
            "numpy.core._add_newdocs",
            "numpy.core._add_newdocs_scalars",
            "numpy.core._dtype",
            "numpy.core._dtype_ctypes",
            "numpy.core._internal",
            "numpy.core._machar",
            "numpy.core._methods",
            "numpy.core.defchararray",
            "numpy.core.einsumfunc",
            "numpy.core.fromnumeric",
            "numpy.core.function_base",
            "numpy.core.getlimits",
            "numpy.core.memmap",
            "numpy.core.multiarray",
            "numpy.core.numeric",
            "numpy.core.numerictypes",
            "numpy.core.records",
            "numpy.core.shape_base",
            "numpy.core.umath",
            "numpy.version",
            "os",
            "warnings"
        ],
        "name": "numpy.core",
        "path": "/home/jaidev/anaconda3/envs/stt/lib/python3.10/site-packages/numpy/core/__init__.py"
    },
    "numpy.core._add_newdocs": {
        "bacon": 2,
        "imported_by": [
            "numpy",
            "numpy.core"
        ],
        "imports": [
            "numpy",
            "numpy.core",
            "numpy.core.function_base",
            "numpy.core.overrides"
        ],
        "name": "numpy.core._add_newdocs",
        "path": "/home/jaidev/anaconda3/envs/stt/lib/python3.10/site-packages/numpy/core/_add_newdocs.py"
    },
    "numpy.core._add_newdocs_scalars": {
        "bacon": 2,
        "imported_by": [
            "numpy",
            "numpy.core"
        ],
        "imports": [
            "numpy",
            "numpy.core",
            "numpy.core.function_base",
            "numpy.core.numerictypes",
            "os"
        ],
        "name": "numpy.core._add_newdocs_scalars",
        "path": "/home/jaidev/anaconda3/envs/stt/lib/python3.10/site-packages/numpy/core/_add_newdocs_scalars.py"
    },
    "numpy.core._asarray": {
        "bacon": 2,
        "imported_by": [
            "numpy",
            "numpy.core.numeric"
        ],
        "imports": [
            "numpy.core.multiarray",
            "numpy.core.overrides"
        ],
        "name": "numpy.core._asarray",
        "path": "/home/jaidev/anaconda3/envs/stt/lib/python3.10/site-packages/numpy/core/_asarray.py"
    },
    "numpy.core._dtype": {
        "bacon": 2,
        "imported_by": [
            "numpy",
            "numpy.core",
            "numpy.core._type_aliases",
            "numpy.core.numerictypes"
        ],
        "imports": [
            "numpy"
        ],
        "name": "numpy.core._dtype",
        "path": "/home/jaidev/anaconda3/envs/stt/lib/python3.10/site-packages/numpy/core/_dtype.py"
    },
    "numpy.core._dtype_ctypes": {
        "bacon": 2,
        "imported_by": [
            "numpy",
            "numpy.core"
        ],
        "imports": [
            "numpy"
        ],
        "name": "numpy.core._dtype_ctypes",
        "path": "/home/jaidev/anaconda3/envs/stt/lib/python3.10/site-packages/numpy/core/_dtype_ctypes.py"
    },
    "numpy.core._exceptions": {
        "bacon": 2,
        "imported_by": [
            "numpy",
            "numpy.core._methods"
        ],
        "name": "numpy.core._exceptions",
        "path": "/home/jaidev/anaconda3/envs/stt/lib/python3.10/site-packages/numpy/core/_exceptions.py"
    },
    "numpy.core._internal": {
        "bacon": 2,
        "imported_by": [
            "numpy",
            "numpy.core",
            "numpy.ctypeslib"
        ],
        "imports": [
            "numpy",
            "numpy.core.multiarray",
            "numpy.exceptions",
            "re",
            "warnings"
        ],
        "name": "numpy.core._internal",
        "path": "/home/jaidev/anaconda3/envs/stt/lib/python3.10/site-packages/numpy/core/_internal.py"
    },
    "numpy.core._machar": {
        "bacon": 2,
        "imported_by": [
            "numpy",
            "numpy.core",
            "numpy.core.getlimits"
        ],
        "imports": [
            "math",
            "numpy.core._ufunc_config",
            "numpy.core.fromnumeric"
        ],
        "name": "numpy.core._machar",
        "path": "/home/jaidev/anaconda3/envs/stt/lib/python3.10/site-packages/numpy/core/_machar.py"
    },
    "numpy.core._methods": {
        "bacon": 2,
        "imported_by": [
            "numpy",
            "numpy.core",
            "numpy.core.fromnumeric"
        ],
        "imports": [
            "numpy",
            "numpy._globals",
            "numpy.compat",
            "numpy.core",
            "numpy.core._exceptions",
            "numpy.core._ufunc_config",
            "numpy.core.multiarray",
            "numpy.core.numerictypes",
            "numpy.core.umath",
            "numpy.lib",
            "numpy.lib.stride_tricks",
            "warnings"
        ],
        "name": "numpy.core._methods",
        "path": "/home/jaidev/anaconda3/envs/stt/lib/python3.10/site-packages/numpy/core/_methods.py"
    },
    "numpy.core._multiarray_tests": {
        "bacon": 2,
        "imported_by": [
            "numpy"
        ],
        "name": "numpy.core._multiarray_tests",
        "path": "/home/jaidev/anaconda3/envs/stt/lib/python3.10/site-packages/numpy/core/_multiarray_tests.cpython-310-x86_64-linux-gnu.so"
    },
    "numpy.core._multiarray_umath": {
        "bacon": 2,
        "imported_by": [
            "numpy",
            "numpy.__config__",
            "numpy.core.multiarray",
            "numpy.core.overrides",
            "numpy.core.umath",
            "numpy.lib",
            "numpy.lib.npyio",
            "numpy.lib.utils"
        ],
        "name": "numpy.core._multiarray_umath",
        "path": "/home/jaidev/anaconda3/envs/stt/lib/python3.10/site-packages/numpy/core/_multiarray_umath.cpython-310-x86_64-linux-gnu.so"
    },
    "numpy.core._operand_flag_tests": {
        "bacon": 2,
        "imported_by": [
            "numpy"
        ],
        "name": "numpy.core._operand_flag_tests",
        "path": "/home/jaidev/anaconda3/envs/stt/lib/python3.10/site-packages/numpy/core/_operand_flag_tests.cpython-310-x86_64-linux-gnu.so"
    },
    "numpy.core._rational_tests": {
        "bacon": 2,
        "imported_by": [
            "numpy"
        ],
        "name": "numpy.core._rational_tests",
        "path": "/home/jaidev/anaconda3/envs/stt/lib/python3.10/site-packages/numpy/core/_rational_tests.cpython-310-x86_64-linux-gnu.so"
    },
    "numpy.core._simd": {
        "bacon": 2,
        "imported_by": [
            "numpy"
        ],
        "name": "numpy.core._simd",
        "path": "/home/jaidev/anaconda3/envs/stt/lib/python3.10/site-packages/numpy/core/_simd.cpython-310-x86_64-linux-gnu.so"
    },
    "numpy.core._string_helpers": {
        "bacon": 2,
        "imported_by": [
            "numpy",
            "numpy.core._type_aliases",
            "numpy.core.numerictypes"
        ],
        "name": "numpy.core._string_helpers",
        "path": "/home/jaidev/anaconda3/envs/stt/lib/python3.10/site-packages/numpy/core/_string_helpers.py"
    },
    "numpy.core._struct_ufunc_tests": {
        "bacon": 2,
        "imported_by": [
            "numpy"
        ],
        "name": "numpy.core._struct_ufunc_tests",
        "path": "/home/jaidev/anaconda3/envs/stt/lib/python3.10/site-packages/numpy/core/_struct_ufunc_tests.cpython-310-x86_64-linux-gnu.so"
    },
    "numpy.core._type_aliases": {
        "bacon": 2,
        "imported_by": [
            "numpy",
            "numpy.core.numerictypes"
        ],
        "imports": [
            "numpy",
            "numpy.compat",
            "numpy.core",
            "numpy.core._dtype",
            "numpy.core._string_helpers",
            "numpy.core.multiarray"
        ],
        "name": "numpy.core._type_aliases",
        "path": "/home/jaidev/anaconda3/envs/stt/lib/python3.10/site-packages/numpy/core/_type_aliases.py"
    },
    "numpy.core._ufunc_config": {
        "bacon": 2,
        "imported_by": [
            "numpy",
            "numpy.core._machar",
            "numpy.core._methods",
            "numpy.core.numeric"
        ],
        "imports": [
            "collections",
            "numpy",
            "numpy.core",
            "numpy.core.umath"
        ],
        "name": "numpy.core._ufunc_config",
        "path": "/home/jaidev/anaconda3/envs/stt/lib/python3.10/site-packages/numpy/core/_ufunc_config.py"
    },
    "numpy.core._umath_tests": {
        "bacon": 2,
        "imported_by": [
            "numpy",
            "numpy.core.umath_tests"
        ],
        "name": "numpy.core._umath_tests",
        "path": "/home/jaidev/anaconda3/envs/stt/lib/python3.10/site-packages/numpy/core/_umath_tests.cpython-310-x86_64-linux-gnu.so"
    },
    "numpy.core.arrayprint": {
        "bacon": 2,
        "imported_by": [
            "numpy",
            "numpy.core.numeric",
            "numpy.core.records"
        ],
        "imports": [
            "functools",
            "numpy",
            "numpy.core",
            "numpy.core.fromnumeric",
            "numpy.core.multiarray",
            "numpy.core.numeric",
            "numpy.core.numerictypes",
            "numpy.core.overrides",
            "numpy.core.umath",
            "operator",
            "warnings"
        ],
        "name": "numpy.core.arrayprint",
        "path": "/home/jaidev/anaconda3/envs/stt/lib/python3.10/site-packages/numpy/core/arrayprint.py"
    },
    "numpy.core.cversions": {
        "bacon": 2,
        "imported_by": [
            "numpy"
        ],
        "name": "numpy.core.cversions",
        "path": "/home/jaidev/anaconda3/envs/stt/lib/python3.10/site-packages/numpy/core/cversions.py"
    },
    "numpy.core.defchararray": {
        "bacon": 2,
        "imported_by": [
            "numpy",
            "numpy.core"
        ],
        "imports": [
            "functools",
            "numpy",
            "numpy.compat",
            "numpy.core",
            "numpy.core.multiarray",
            "numpy.core.numeric",
            "numpy.core.numerictypes",
            "numpy.core.overrides"
        ],
        "name": "numpy.core.defchararray",
        "path": "/home/jaidev/anaconda3/envs/stt/lib/python3.10/site-packages/numpy/core/defchararray.py"
    },
    "numpy.core.einsumfunc": {
        "bacon": 2,
        "imported_by": [
            "numpy",
            "numpy.core"
        ],
        "imports": [
            "itertools",
            "numpy",
            "numpy.core",
            "numpy.core.multiarray",
            "numpy.core.numeric",
            "numpy.core.overrides",
            "operator"
        ],
        "name": "numpy.core.einsumfunc",
        "path": "/home/jaidev/anaconda3/envs/stt/lib/python3.10/site-packages/numpy/core/einsumfunc.py"
    },
    "numpy.core.fromnumeric": {
        "bacon": 2,
        "imported_by": [
            "numpy",
            "numpy.core",
            "numpy.core._machar",
            "numpy.core.arrayprint",
            "numpy.core.numeric",
            "numpy.core.shape_base",
            "numpy.lib.function_base",
            "numpy.lib.shape_base"
        ],
        "imports": [
            "functools",
            "numpy",
            "numpy.core",
            "numpy.core._methods",
            "numpy.core.multiarray",
            "numpy.core.numerictypes",
            "numpy.core.overrides",
            "numpy.core.umath",
            "types",
            "warnings"
        ],
        "name": "numpy.core.fromnumeric",
        "path": "/home/jaidev/anaconda3/envs/stt/lib/python3.10/site-packages/numpy/core/fromnumeric.py"
    },
    "numpy.core.function_base": {
        "bacon": 2,
        "imported_by": [
            "numpy",
            "numpy.core",
            "numpy.core._add_newdocs",
            "numpy.core._add_newdocs_scalars",
            "numpy.lib.function_base"
        ],
        "imports": [
            "functools",
            "numpy",
            "numpy.core",
            "numpy.core.multiarray",
            "numpy.core.numeric",
            "numpy.core.overrides",
            "operator",
            "types",
            "warnings"
        ],
        "name": "numpy.core.function_base",
        "path": "/home/jaidev/anaconda3/envs/stt/lib/python3.10/site-packages/numpy/core/function_base.py"
    },
    "numpy.core.getlimits": {
        "bacon": 2,
        "imported_by": [
            "numpy",
            "numpy.core",
            "numpy.lib.type_check"
        ],
        "imports": [
            "numpy",
            "numpy.core",
            "numpy.core._machar",
            "numpy.core.numeric",
            "numpy.core.numerictypes",
            "numpy.core.umath",
            "warnings"
        ],
        "name": "numpy.core.getlimits",
        "path": "/home/jaidev/anaconda3/envs/stt/lib/python3.10/site-packages/numpy/core/getlimits.py"
    },
    "numpy.core.memmap": {
        "bacon": 2,
        "imported_by": [
            "numpy",
            "numpy.core"
        ],
        "imports": [
            "numpy",
            "numpy.compat",
            "numpy.core.numeric"
        ],
        "name": "numpy.core.memmap",
        "path": "/home/jaidev/anaconda3/envs/stt/lib/python3.10/site-packages/numpy/core/memmap.py"
    },
    "numpy.core.multiarray": {
        "bacon": 2,
        "imported_by": [
            "numpy",
            "numpy.core",
            "numpy.core._asarray",
            "numpy.core._internal",
            "numpy.core._methods",
            "numpy.core._type_aliases",
            "numpy.core.arrayprint",
            "numpy.core.defchararray",
            "numpy.core.einsumfunc",
            "numpy.core.fromnumeric",
            "numpy.core.function_base",
            "numpy.core.numeric",
            "numpy.core.numerictypes",
            "numpy.core.shape_base",
            "numpy.ctypeslib",
            "numpy.lib.function_base",
            "numpy.lib.index_tricks",
            "numpy.lib.npyio",
            "numpy.lib.shape_base"
        ],
        "imports": [
            "functools",
            "numpy",
            "numpy.core",
            "numpy.core._multiarray_umath",
            "numpy.core.overrides"
        ],
        "name": "numpy.core.multiarray",
        "path": "/home/jaidev/anaconda3/envs/stt/lib/python3.10/site-packages/numpy/core/multiarray.py"
    },
    "numpy.core.numeric": {
        "bacon": 2,
        "imported_by": [
            "numpy",
            "numpy.core",
            "numpy.core.arrayprint",
            "numpy.core.defchararray",
            "numpy.core.einsumfunc",
            "numpy.core.function_base",
            "numpy.core.getlimits",
            "numpy.core.memmap",
            "numpy.core.records",
            "numpy.core.shape_base",
            "numpy.lib._iotools",
            "numpy.lib.function_base",
            "numpy.lib.index_tricks",
            "numpy.lib.polynomial",
            "numpy.lib.scimath",
            "numpy.lib.shape_base",
            "numpy.lib.stride_tricks",
            "numpy.lib.twodim_base",
            "numpy.lib.type_check",
            "numpy.lib.ufunclike",
            "numpy.matrixlib.defmatrix"
        ],
        "imports": [
            "builtins",
            "functools",
            "itertools",
            "numpy",
            "numpy.core",
            "numpy.core._asarray",
            "numpy.core._ufunc_config",
            "numpy.core.arrayprint",
            "numpy.core.fromnumeric",
            "numpy.core.multiarray",
            "numpy.core.numerictypes",
            "numpy.core.overrides",
            "numpy.core.shape_base",
            "numpy.core.umath",
            "numpy.exceptions",
            "operator",
            "warnings"
        ],
        "name": "numpy.core.numeric",
        "path": "/home/jaidev/anaconda3/envs/stt/lib/python3.10/site-packages/numpy/core/numeric.py"
    },
    "numpy.core.numerictypes": {
        "bacon": 2,
        "imported_by": [
            "numpy",
            "numpy.core",
            "numpy.core._add_newdocs_scalars",
            "numpy.core._methods",
            "numpy.core.arrayprint",
            "numpy.core.defchararray",
            "numpy.core.fromnumeric",
            "numpy.core.getlimits",
            "numpy.core.numeric",
            "numpy.core.records",
            "numpy.lib.function_base",
            "numpy.lib.index_tricks",
            "numpy.lib.scimath",
            "numpy.lib.utils"
        ],
        "imports": [
            "builtins",
            "numpy",
            "numpy.compat",
            "numpy.core._dtype",
            "numpy.core._string_helpers",
            "numpy.core._type_aliases",
            "numpy.core.multiarray",
            "warnings"
        ],
        "name": "numpy.core.numerictypes",
        "path": "/home/jaidev/anaconda3/envs/stt/lib/python3.10/site-packages/numpy/core/numerictypes.py"
    },
    "numpy.core.overrides": {
        "bacon": 2,
        "imported_by": [
            "numpy",
            "numpy.core._add_newdocs",
            "numpy.core._asarray",
            "numpy.core.arrayprint",
            "numpy.core.defchararray",
            "numpy.core.einsumfunc",
            "numpy.core.fromnumeric",
            "numpy.core.function_base",
            "numpy.core.multiarray",
            "numpy.core.numeric",
            "numpy.core.shape_base",
            "numpy.lib.arraypad",
            "numpy.lib.arraysetops",
            "numpy.lib.function_base",
            "numpy.lib.histograms",
            "numpy.lib.index_tricks",
            "numpy.lib.nanfunctions",
            "numpy.lib.npyio",
            "numpy.lib.polynomial",
            "numpy.lib.recfunctions",
            "numpy.lib.scimath",
            "numpy.lib.shape_base",
            "numpy.lib.stride_tricks",
            "numpy.lib.twodim_base",
            "numpy.lib.type_check",
            "numpy.lib.ufunclike"
        ],
        "imports": [
            "collections",
            "functools",
            "numpy",
            "numpy.core",
            "numpy.core._multiarray_umath",
            "os"
        ],
        "name": "numpy.core.overrides",
        "path": "/home/jaidev/anaconda3/envs/stt/lib/python3.10/site-packages/numpy/core/overrides.py"
    },
    "numpy.core.records": {
        "bacon": 2,
        "imported_by": [
            "numpy",
            "numpy.core"
        ],
        "imports": [
            "collections",
            "numpy",
            "numpy.compat",
            "numpy.core",
            "numpy.core.arrayprint",
            "numpy.core.numeric",
            "numpy.core.numerictypes",
            "warnings"
        ],
        "name": "numpy.core.records",
        "path": "/home/jaidev/anaconda3/envs/stt/lib/python3.10/site-packages/numpy/core/records.py"
    },
    "numpy.core.shape_base": {
        "bacon": 2,
        "imported_by": [
            "numpy",
            "numpy.core",
            "numpy.core.numeric",
            "numpy.lib.shape_base"
        ],
        "imports": [
            "functools",
            "itertools",
            "numpy",
            "numpy.core",
            "numpy.core.fromnumeric",
            "numpy.core.multiarray",
            "numpy.core.numeric",
            "numpy.core.overrides",
            "operator",
            "warnings"
        ],
        "name": "numpy.core.shape_base",
        "path": "/home/jaidev/anaconda3/envs/stt/lib/python3.10/site-packages/numpy/core/shape_base.py"
    },
    "numpy.core.umath": {
        "bacon": 2,
        "imported_by": [
            "numpy",
            "numpy.core",
            "numpy.core._methods",
            "numpy.core._ufunc_config",
            "numpy.core.arrayprint",
            "numpy.core.fromnumeric",
            "numpy.core.getlimits",
            "numpy.core.numeric",
            "numpy.lib.function_base",
            "numpy.lib.mixins"
        ],
        "imports": [
            "numpy",
            "numpy.core",
            "numpy.core._multiarray_umath"
        ],
        "name": "numpy.core.umath",
        "path": "/home/jaidev/anaconda3/envs/stt/lib/python3.10/site-packages/numpy/core/umath.py"
    },
    "numpy.core.umath_tests": {
        "bacon": 2,
        "imported_by": [
            "numpy"
        ],
        "imports": [
            "numpy.core._umath_tests",
            "warnings"
        ],
        "name": "numpy.core.umath_tests",
        "path": "/home/jaidev/anaconda3/envs/stt/lib/python3.10/site-packages/numpy/core/umath_tests.py"
    },
    "numpy.ctypeslib": {
        "bacon": 2,
        "imported_by": [
            "numpy"
        ],
        "imports": [
            "numpy",
            "numpy.core",
            "numpy.core._internal",
            "numpy.core.multiarray",
            "os"
        ],
        "name": "numpy.ctypeslib",
        "path": "/home/jaidev/anaconda3/envs/stt/lib/python3.10/site-packages/numpy/ctypeslib.py"
    },
    "numpy.dtypes": {
        "bacon": 2,
        "imported_by": [
            "numpy",
            "numpy.dtypes"
        ],
        "imports": [
            "numpy",
            "numpy.dtypes"
        ],
        "name": "numpy.dtypes",
        "path": "/home/jaidev/anaconda3/envs/stt/lib/python3.10/site-packages/numpy/dtypes.py"
    },
    "numpy.exceptions": {
        "bacon": 2,
        "imported_by": [
            "numpy",
            "numpy.core._internal",
            "numpy.core.numeric"
        ],
        "name": "numpy.exceptions",
        "path": "/home/jaidev/anaconda3/envs/stt/lib/python3.10/site-packages/numpy/exceptions.py"
    },
    "numpy.fft": {
        "bacon": 2,
        "imported_by": [
            "numpy",
            "numpy.fft"
        ],
        "imports": [
            "numpy",
            "numpy._pytesttester",
            "numpy.fft"
        ],
        "name": "numpy.fft",
        "path": "/home/jaidev/anaconda3/envs/stt/lib/python3.10/site-packages/numpy/fft/__init__.py"
    },
    "numpy.lib": {
        "bacon": 2,
        "imported_by": [
            "numpy",
            "numpy.core._methods",
            "numpy.lib",
            "numpy.lib.arraypad",
            "numpy.lib.format",
            "numpy.lib.function_base",
            "numpy.lib.index_tricks",
            "numpy.lib.nanfunctions",
            "numpy.lib.npyio",
            "numpy.lib.polynomial",
            "numpy.lib.recfunctions",
            "numpy.lib.scimath",
            "numpy.lib.shape_base",
            "numpy.lib.twodim_base"
        ],
        "imports": [
            "math",
            "numpy",
            "numpy._pytesttester",
            "numpy.core",
            "numpy.core._multiarray_umath",
            "numpy.lib",
            "numpy.lib._version",
            "numpy.lib.arraypad",
            "numpy.lib.arraysetops",
            "numpy.lib.arrayterator",
            "numpy.lib.function_base",
            "numpy.lib.histograms",
            "numpy.lib.index_tricks",
            "numpy.lib.mixins",
            "numpy.lib.nanfunctions",
            "numpy.lib.npyio",
            "numpy.lib.polynomial",
            "numpy.lib.scimath",
            "numpy.lib.shape_base",
            "numpy.lib.stride_tricks",
            "numpy.lib.twodim_base",
            "numpy.lib.type_check",
            "numpy.lib.ufunclike",
            "numpy.lib.utils",
            "warnings"
        ],
        "name": "numpy.lib",
        "path": "/home/jaidev/anaconda3/envs/stt/lib/python3.10/site-packages/numpy/lib/__init__.py"
    },
    "numpy.lib._datasource": {
        "bacon": 2,
        "imported_by": [
            "numpy",
            "numpy.lib.npyio"
        ],
        "imports": [
            "io",
            "os"
        ],
        "name": "numpy.lib._datasource",
        "path": "/home/jaidev/anaconda3/envs/stt/lib/python3.10/site-packages/numpy/lib/_datasource.py"
    },
    "numpy.lib._iotools": {
        "bacon": 2,
        "imported_by": [
            "numpy",
            "numpy.lib.npyio",
            "numpy.lib.recfunctions"
        ],
        "imports": [
            "numpy",
            "numpy.compat",
            "numpy.core",
            "numpy.core.numeric"
        ],
        "name": "numpy.lib._iotools",
        "path": "/home/jaidev/anaconda3/envs/stt/lib/python3.10/site-packages/numpy/lib/_iotools.py"
    },
    "numpy.lib._version": {
        "bacon": 2,
        "imported_by": [
            "numpy",
            "numpy.lib"
        ],
        "imports": [
            "re"
        ],
        "name": "numpy.lib._version",
        "path": "/home/jaidev/anaconda3/envs/stt/lib/python3.10/site-packages/numpy/lib/_version.py"
    },
    "numpy.lib.arraypad": {
        "bacon": 2,
        "imported_by": [
            "numpy",
            "numpy.lib"
        ],
        "imports": [
            "numpy",
            "numpy.core",
            "numpy.core.overrides",
            "numpy.lib",
            "numpy.lib.index_tricks"
        ],
        "name": "numpy.lib.arraypad",
        "path": "/home/jaidev/anaconda3/envs/stt/lib/python3.10/site-packages/numpy/lib/arraypad.py"
    },
    "numpy.lib.arraysetops": {
        "bacon": 2,
        "imported_by": [
            "numpy",
            "numpy.lib"
        ],
        "imports": [
            "functools",
            "numpy",
            "numpy.core",
            "numpy.core.overrides"
        ],
        "name": "numpy.lib.arraysetops",
        "path": "/home/jaidev/anaconda3/envs/stt/lib/python3.10/site-packages/numpy/lib/arraysetops.py"
    },
    "numpy.lib.arrayterator": {
        "bacon": 2,
        "imported_by": [
            "numpy",
            "numpy.lib"
        ],
        "imports": [
            "functools",
            "operator"
        ],
        "name": "numpy.lib.arrayterator",
        "path": "/home/jaidev/anaconda3/envs/stt/lib/python3.10/site-packages/numpy/lib/arrayterator.py"
    },
    "numpy.lib.format": {
        "bacon": 2,
        "imported_by": [
            "numpy",
            "numpy.lib.npyio"
        ],
        "imports": [
            "io",
            "numpy",
            "numpy.compat",
            "numpy.lib",
            "numpy.lib.utils",
            "struct",
            "warnings"
        ],
        "name": "numpy.lib.format",
        "path": "/home/jaidev/anaconda3/envs/stt/lib/python3.10/site-packages/numpy/lib/format.py"
    },
    "numpy.lib.function_base": {
        "bacon": 2,
        "imported_by": [
            "numpy",
            "numpy.lib",
            "numpy.lib.index_tricks",
            "numpy.lib.nanfunctions",
            "numpy.lib.polynomial"
        ],
        "imports": [
            "builtins",
            "collections",
            "functools",
            "numpy",
            "numpy.core",
            "numpy.core.fromnumeric",
            "numpy.core.function_base",
            "numpy.core.multiarray",
            "numpy.core.numeric",
            "numpy.core.numerictypes",
            "numpy.core.overrides",
            "numpy.core.umath",
            "numpy.lib",
            "numpy.lib.histograms",
            "numpy.lib.twodim_base",
            "re",
            "warnings"
        ],
        "name": "numpy.lib.function_base",
        "path": "/home/jaidev/anaconda3/envs/stt/lib/python3.10/site-packages/numpy/lib/function_base.py"
    },
    "numpy.lib.histograms": {
        "bacon": 2,
        "imported_by": [
            "numpy",
            "numpy.lib",
            "numpy.lib.function_base"
        ],
        "imports": [
            "functools",
            "numpy",
            "numpy.core",
            "numpy.core.overrides",
            "operator",
            "warnings"
        ],
        "name": "numpy.lib.histograms",
        "path": "/home/jaidev/anaconda3/envs/stt/lib/python3.10/site-packages/numpy/lib/histograms.py"
    },
    "numpy.lib.index_tricks": {
        "bacon": 2,
        "imported_by": [
            "numpy",
            "numpy.lib",
            "numpy.lib.arraypad",
            "numpy.lib.shape_base"
        ],
        "imports": [
            "functools",
            "math",
            "numpy",
            "numpy.core",
            "numpy.core.multiarray",
            "numpy.core.numeric",
            "numpy.core.numerictypes",
            "numpy.core.overrides",
            "numpy.lib",
            "numpy.lib.function_base",
            "numpy.lib.stride_tricks",
            "numpy.matrixlib",
            "warnings"
        ],
        "name": "numpy.lib.index_tricks",
        "path": "/home/jaidev/anaconda3/envs/stt/lib/python3.10/site-packages/numpy/lib/index_tricks.py"
    },
    "numpy.lib.mixins": {
        "bacon": 2,
        "imported_by": [
            "numpy",
            "numpy.lib"
        ],
        "imports": [
            "numpy",
            "numpy.core",
            "numpy.core.umath"
        ],
        "name": "numpy.lib.mixins",
        "path": "/home/jaidev/anaconda3/envs/stt/lib/python3.10/site-packages/numpy/lib/mixins.py"
    },
    "numpy.lib.nanfunctions": {
        "bacon": 2,
        "imported_by": [
            "numpy",
            "numpy.lib"
        ],
        "imports": [
            "functools",
            "numpy",
            "numpy.core",
            "numpy.core.overrides",
            "numpy.lib",
            "numpy.lib.function_base",
            "warnings"
        ],
        "name": "numpy.lib.nanfunctions",
        "path": "/home/jaidev/anaconda3/envs/stt/lib/python3.10/site-packages/numpy/lib/nanfunctions.py"
    },
    "numpy.lib.npyio": {
        "bacon": 2,
        "imported_by": [
            "numpy",
            "numpy.lib"
        ],
        "imports": [
            "collections",
            "functools",
            "itertools",
            "numpy",
            "numpy.compat",
            "numpy.core",
            "numpy.core._multiarray_umath",
            "numpy.core.multiarray",
            "numpy.core.overrides",
            "numpy.lib",
            "numpy.lib._datasource",
            "numpy.lib._iotools",
            "numpy.lib.format",
            "numpy.ma",
            "operator",
            "os",
            "re",
            "warnings",
            "weakref"
        ],
        "name": "numpy.lib.npyio",
        "path": "/home/jaidev/anaconda3/envs/stt/lib/python3.10/site-packages/numpy/lib/npyio.py"
    },
    "numpy.lib.polynomial": {
        "bacon": 2,
        "imported_by": [
            "numpy",
            "numpy.lib"
        ],
        "imports": [
            "functools",
            "numpy",
            "numpy.core",
            "numpy.core.numeric",
            "numpy.core.overrides",
            "numpy.lib",
            "numpy.lib.function_base",
            "numpy.lib.twodim_base",
            "numpy.lib.type_check",
            "numpy.linalg",
            "re",
            "warnings"
        ],
        "name": "numpy.lib.polynomial",
        "path": "/home/jaidev/anaconda3/envs/stt/lib/python3.10/site-packages/numpy/lib/polynomial.py"
    },
    "numpy.lib.recfunctions": {
        "bacon": 2,
        "imported_by": [
            "numpy"
        ],
        "imports": [
            "itertools",
            "numpy",
            "numpy.core",
            "numpy.core.overrides",
            "numpy.lib",
            "numpy.lib._iotools",
            "numpy.ma"
        ],
        "name": "numpy.lib.recfunctions",
        "path": "/home/jaidev/anaconda3/envs/stt/lib/python3.10/site-packages/numpy/lib/recfunctions.py"
    },
    "numpy.lib.scimath": {
        "bacon": 2,
        "imported_by": [
            "numpy",
            "numpy.lib"
        ],
        "imports": [
            "numpy",
            "numpy.core",
            "numpy.core.numeric",
            "numpy.core.numerictypes",
            "numpy.core.overrides",
            "numpy.lib",
            "numpy.lib.type_check"
        ],
        "name": "numpy.lib.scimath",
        "path": "/home/jaidev/anaconda3/envs/stt/lib/python3.10/site-packages/numpy/lib/scimath.py"
    },
    "numpy.lib.setup": {
        "bacon": 2,
        "imported_by": [
            "numpy"
        ],
        "imports": [
            "numpy"
        ],
        "name": "numpy.lib.setup",
        "path": "/home/jaidev/anaconda3/envs/stt/lib/python3.10/site-packages/numpy/lib/setup.py"
    },
    "numpy.lib.shape_base": {
        "bacon": 2,
        "imported_by": [
            "numpy",
            "numpy.lib"
        ],
        "imports": [
            "functools",
            "numpy",
            "numpy.core",
            "numpy.core.fromnumeric",
            "numpy.core.multiarray",
            "numpy.core.numeric",
            "numpy.core.overrides",
            "numpy.core.shape_base",
            "numpy.lib",
            "numpy.lib.index_tricks",
            "numpy.matrixlib",
            "numpy.matrixlib.defmatrix"
        ],
        "name": "numpy.lib.shape_base",
        "path": "/home/jaidev/anaconda3/envs/stt/lib/python3.10/site-packages/numpy/lib/shape_base.py"
    },
    "numpy.lib.stride_tricks": {
        "bacon": 2,
        "imported_by": [
            "numpy",
            "numpy.core._methods",
            "numpy.lib",
            "numpy.lib.index_tricks",
            "numpy.lib.twodim_base"
        ],
        "imports": [
            "numpy",
            "numpy.core",
            "numpy.core.numeric",
            "numpy.core.overrides"
        ],
        "name": "numpy.lib.stride_tricks",
        "path": "/home/jaidev/anaconda3/envs/stt/lib/python3.10/site-packages/numpy/lib/stride_tricks.py"
    },
    "numpy.lib.twodim_base": {
        "bacon": 2,
        "imported_by": [
            "numpy",
            "numpy.lib",
            "numpy.lib.function_base",
            "numpy.lib.polynomial"
        ],
        "imports": [
            "functools",
            "numpy",
            "numpy.core",
            "numpy.core.numeric",
            "numpy.core.overrides",
            "numpy.lib",
            "numpy.lib.stride_tricks",
            "operator"
        ],
        "name": "numpy.lib.twodim_base",
        "path": "/home/jaidev/anaconda3/envs/stt/lib/python3.10/site-packages/numpy/lib/twodim_base.py"
    },
    "numpy.lib.type_check": {
        "bacon": 2,
        "imported_by": [
            "numpy",
            "numpy.lib",
            "numpy.lib.polynomial",
            "numpy.lib.scimath"
        ],
        "imports": [
            "functools",
            "numpy",
            "numpy.core",
            "numpy.core.getlimits",
            "numpy.core.numeric",
            "numpy.core.overrides",
            "numpy.lib.ufunclike"
        ],
        "name": "numpy.lib.type_check",
        "path": "/home/jaidev/anaconda3/envs/stt/lib/python3.10/site-packages/numpy/lib/type_check.py"
    },
    "numpy.lib.ufunclike": {
        "bacon": 2,
        "imported_by": [
            "numpy",
            "numpy.lib",
            "numpy.lib.type_check"
        ],
        "imports": [
            "functools",
            "numpy",
            "numpy.core",
            "numpy.core.numeric",
            "numpy.core.overrides",
            "warnings"
        ],
        "name": "numpy.lib.ufunclike",
        "path": "/home/jaidev/anaconda3/envs/stt/lib/python3.10/site-packages/numpy/lib/ufunclike.py"
    },
    "numpy.lib.user_array": {
        "bacon": 2,
        "imported_by": [
            "numpy"
        ],
        "imports": [
            "numpy",
            "numpy.core"
        ],
        "name": "numpy.lib.user_array",
        "path": "/home/jaidev/anaconda3/envs/stt/lib/python3.10/site-packages/numpy/lib/user_array.py"
    },
    "numpy.lib.utils": {
        "bacon": 2,
        "imported_by": [
            "numpy",
            "numpy.lib",
            "numpy.lib.format"
        ],
        "imports": [
            "functools",
            "io",
            "numpy",
            "numpy.core",
            "numpy.core._multiarray_umath",
            "numpy.core.numerictypes",
            "os",
            "re",
            "types",
            "warnings"
        ],
        "name": "numpy.lib.utils",
        "path": "/home/jaidev/anaconda3/envs/stt/lib/python3.10/site-packages/numpy/lib/utils.py"
    },
    "numpy.linalg": {
        "bacon": 2,
        "imported_by": [
            "numpy",
            "numpy.lib.polynomial",
            "numpy.linalg",
            "numpy.matrixlib.defmatrix"
        ],
        "imports": [
            "numpy",
            "numpy._pytesttester",
            "numpy.linalg"
        ],
        "name": "numpy.linalg",
        "path": "/home/jaidev/anaconda3/envs/stt/lib/python3.10/site-packages/numpy/linalg/__init__.py"
    },
    "numpy.ma": {
        "bacon": 2,
        "imported_by": [
            "numpy",
            "numpy.lib.npyio",
            "numpy.lib.recfunctions",
            "numpy.ma"
        ],
        "imports": [
            "numpy",
            "numpy._pytesttester",
            "numpy.ma"
        ],
        "name": "numpy.ma",
        "path": "/home/jaidev/anaconda3/envs/stt/lib/python3.10/site-packages/numpy/ma/__init__.py"
    },
    "numpy.matrixlib": {
        "bacon": 2,
        "imported_by": [
            "numpy",
            "numpy.lib.index_tricks",
            "numpy.lib.shape_base",
            "numpy.matrixlib"
        ],
        "imports": [
            "numpy",
            "numpy._pytesttester",
            "numpy.matrixlib",
            "numpy.matrixlib.defmatrix"
        ],
        "name": "numpy.matrixlib",
        "path": "/home/jaidev/anaconda3/envs/stt/lib/python3.10/site-packages/numpy/matrixlib/__init__.py"
    },
    "numpy.matrixlib.defmatrix": {
        "bacon": 2,
        "imported_by": [
            "numpy",
            "numpy.lib.shape_base",
            "numpy.matrixlib"
        ],
        "imports": [
            "numpy",
            "numpy.core",
            "numpy.core.numeric",
            "numpy.linalg",
            "warnings"
        ],
        "name": "numpy.matrixlib.defmatrix",
        "path": "/home/jaidev/anaconda3/envs/stt/lib/python3.10/site-packages/numpy/matrixlib/defmatrix.py"
    },
    "numpy.matrixlib.setup": {
        "bacon": 2,
        "imported_by": [
            "numpy"
        ],
        "imports": [
            "numpy"
        ],
        "name": "numpy.matrixlib.setup",
        "path": "/home/jaidev/anaconda3/envs/stt/lib/python3.10/site-packages/numpy/matrixlib/setup.py"
    },
    "numpy.polynomial": {
        "bacon": 2,
        "imported_by": [
            "numpy"
        ],
        "imports": [
            "numpy",
            "numpy._pytesttester"
        ],
        "name": "numpy.polynomial",
        "path": "/home/jaidev/anaconda3/envs/stt/lib/python3.10/site-packages/numpy/polynomial/__init__.py"
    },
    "numpy.random": {
        "bacon": 2,
        "imported_by": [
            "numpy",
            "numpy.random"
        ],
        "imports": [
            "numpy",
            "numpy._pytesttester",
            "numpy.random"
        ],
        "name": "numpy.random",
        "path": "/home/jaidev/anaconda3/envs/stt/lib/python3.10/site-packages/numpy/random/__init__.py"
    },
    "numpy.testing": {
        "bacon": 2,
        "imported_by": [
            "numpy",
            "numpy._pytesttester",
            "numpy.testing"
        ],
        "imports": [
            "numpy",
            "numpy._pytesttester",
            "numpy.testing"
        ],
        "name": "numpy.testing",
        "path": "/home/jaidev/anaconda3/envs/stt/lib/python3.10/site-packages/numpy/testing/__init__.py"
    },
    "numpy.version": {
        "bacon": 2,
        "imported_by": [
            "numpy",
            "numpy.core"
        ],
        "name": "numpy.version",
        "path": "/home/jaidev/anaconda3/envs/stt/lib/python3.10/site-packages/numpy/version.py"
    },
    "operator": {
        "bacon": 2,
        "imported_by": [
            "collections",
            "copyreg",
            "numpy.core.arrayprint",
            "numpy.core.einsumfunc",
            "numpy.core.function_base",
            "numpy.core.numeric",
            "numpy.core.shape_base",
            "numpy.lib.arrayterator",
            "numpy.lib.histograms",
            "numpy.lib.npyio",
            "numpy.lib.twodim_base",
            "pathlib",
            "six"
        ],
        "imports": [
            "builtins",
            "functools"
        ],
        "name": "operator",
        "path": "/home/jaidev/anaconda3/envs/stt/lib/python3.10/operator.py"
    },
    "os": {
        "bacon": 2,
        "imported_by": [
            "numpy",
            "numpy._pytesttester",
            "numpy.core",
            "numpy.core._add_newdocs_scalars",
            "numpy.core.overrides",
            "numpy.ctypeslib",
            "numpy.lib._datasource",
            "numpy.lib.npyio",
            "numpy.lib.utils",
            "os",
            "pathlib"
        ],
        "imports": [
            "_collections_abc",
            "io",
            "os",
            "warnings"
        ],
        "name": "os",
        "path": "/home/jaidev/anaconda3/envs/stt/lib/python3.10/os.py"
    },
    "pathlib": {
        "bacon": 2,
        "imported_by": [
            "numpy"
        ],
        "imports": [
            "_collections_abc",
            "functools",
            "io",
            "operator",
            "os",
            "re",
            "warnings"
        ],
        "name": "pathlib",
        "path": "/home/jaidev/anaconda3/envs/stt/lib/python3.10/pathlib.py"
    },
    "re": {
        "bacon": 1,
        "imported_by": [
            "json.decoder",
            "json.encoder",
            "modeling.py",
            "numpy.core._internal",
            "numpy.lib._version",
            "numpy.lib.function_base",
            "numpy.lib.npyio",
            "numpy.lib.polynomial",
            "numpy.lib.utils",
            "pathlib",
            "warnings"
        ],
        "imports": [
            "_locale",
            "copyreg",
            "enum",
            "functools",
            "sre_compile",
            "sre_constants",
            "sre_parse"
        ],
        "name": "re",
        "path": "/home/jaidev/anaconda3/envs/stt/lib/python3.10/re.py"
    },
    "reprlib": {
        "bacon": 2,
        "imported_by": [
            "collections",
            "functools"
        ],
        "imports": [
            "builtins",
            "itertools"
        ],
        "name": "reprlib",
        "path": "/home/jaidev/anaconda3/envs/stt/lib/python3.10/reprlib.py"
    },
    "six": {
        "bacon": 1,
        "imported_by": [
            "modeling.py"
        ],
        "imports": [
            "__future__",
            "functools",
            "importlib",
            "importlib.util",
            "io",
            "itertools",
            "operator",
            "struct",
            "types"
        ],
        "name": "six",
        "path": "/home/jaidev/anaconda3/envs/stt/lib/python3.10/site-packages/six.py"
    },
    "sre_compile": {
        "bacon": 2,
        "imported_by": [
            "re"
        ],
        "imports": [
            "sre_constants",
            "sre_parse"
        ],
        "name": "sre_compile",
        "path": "/home/jaidev/anaconda3/envs/stt/lib/python3.10/sre_compile.py"
    },
    "sre_constants": {
        "bacon": 2,
        "imported_by": [
            "re",
            "sre_compile",
            "sre_parse"
        ],
        "name": "sre_constants",
        "path": "/home/jaidev/anaconda3/envs/stt/lib/python3.10/sre_constants.py"
    },
    "sre_parse": {
        "bacon": 2,
        "imported_by": [
            "re",
            "sre_compile"
        ],
        "imports": [
            "sre_constants",
            "warnings"
        ],
        "name": "sre_parse",
        "path": "/home/jaidev/anaconda3/envs/stt/lib/python3.10/sre_parse.py"
    },
    "struct": {
        "bacon": 2,
        "imported_by": [
            "numpy.lib.format",
            "six"
        ],
        "name": "struct",
        "path": "/home/jaidev/anaconda3/envs/stt/lib/python3.10/struct.py"
    },
    "types": {
        "bacon": 2,
        "imported_by": [
            "copy",
            "enum",
            "functools",
            "importlib.util",
            "numpy.core.fromnumeric",
            "numpy.core.function_base",
            "numpy.lib.utils",
            "six"
        ],
        "imports": [
            "_collections_abc",
            "functools"
        ],
        "name": "types",
        "path": "/home/jaidev/anaconda3/envs/stt/lib/python3.10/types.py"
    },
    "warnings": {
        "bacon": 2,
        "imported_by": [
            "enum",
            "importlib",
            "importlib.util",
            "io",
            "numpy",
            "numpy.__config__",
            "numpy._distributor_init",
            "numpy._pytesttester",
            "numpy.core",
            "numpy.core._internal",
            "numpy.core._methods",
            "numpy.core.arrayprint",
            "numpy.core.fromnumeric",
            "numpy.core.function_base",
            "numpy.core.getlimits",
            "numpy.core.numeric",
            "numpy.core.numerictypes",
            "numpy.core.records",
            "numpy.core.shape_base",
            "numpy.core.umath_tests",
            "numpy.lib",
            "numpy.lib.format",
            "numpy.lib.function_base",
            "numpy.lib.histograms",
            "numpy.lib.index_tricks",
            "numpy.lib.nanfunctions",
            "numpy.lib.npyio",
            "numpy.lib.polynomial",
            "numpy.lib.ufunclike",
            "numpy.lib.utils",
            "numpy.matrixlib.defmatrix",
            "os",
            "pathlib",
            "sre_parse"
        ],
        "imports": [
            "builtins",
            "re"
        ],
        "name": "warnings",
        "path": "/home/jaidev/anaconda3/envs/stt/lib/python3.10/warnings.py"
    },
    "weakref": {
        "bacon": 2,
        "imported_by": [
            "copy",
            "functools",
            "numpy.lib.npyio"
        ],
        "imports": [
            "_collections_abc",
            "_weakref",
            "copy",
            "itertools"
        ],
        "name": "weakref",
        "path": "/home/jaidev/anaconda3/envs/stt/lib/python3.10/weakref.py"
    }
}
