{
    "__future__": {
        "bacon": 1,
        "imported_by": [
            "optimization.py"
        ],
        "name": "__future__",
        "path": "/home/jaidev/anaconda3/envs/stt/lib/python3.10/__future__.py"
    },
    "_locale": {
        "bacon": 2,
        "imported_by": [
            "re"
        ],
        "name": "_locale",
        "path": null
    },
    "copyreg": {
        "bacon": 2,
        "imported_by": [
            "re"
        ],
        "imports": [
            "functools"
        ],
        "name": "copyreg",
        "path": "/home/jaidev/anaconda3/envs/stt/lib/python3.10/copyreg.py"
    },
    "enum": {
        "bacon": 2,
        "imported_by": [
            "re"
        ],
        "name": "enum",
        "path": "/home/jaidev/anaconda3/envs/stt/lib/python3.10/enum.py"
    },
    "functools": {
        "bacon": 2,
        "imported_by": [
            "copyreg",
            "re"
        ],
        "name": "functools",
        "path": "/home/jaidev/anaconda3/envs/stt/lib/python3.10/functools.py"
    },
    "optimization.py": {
        "bacon": 0,
        "imports": [
            "__future__",
            "re"
        ],
        "name": "optimization.py",
        "path": "optimization.py"
    },
    "re": {
        "bacon": 1,
        "imported_by": [
            "optimization.py"
        ],
        "imports": [
            "_locale",
            "copyreg",
            "enum",
            "functools",
            "sre_compile",
            "sre_constants",
            "sre_parse"
        ],
        "name": "re",
        "path": "/home/jaidev/anaconda3/envs/stt/lib/python3.10/re.py"
    },
    "sre_compile": {
        "bacon": 2,
        "imported_by": [
            "re"
        ],
        "imports": [
            "sre_constants",
            "sre_parse"
        ],
        "name": "sre_compile",
        "path": "/home/jaidev/anaconda3/envs/stt/lib/python3.10/sre_compile.py"
    },
    "sre_constants": {
        "bacon": 2,
        "imported_by": [
            "re",
            "sre_compile",
            "sre_parse"
        ],
        "name": "sre_constants",
        "path": "/home/jaidev/anaconda3/envs/stt/lib/python3.10/sre_constants.py"
    },
    "sre_parse": {
        "bacon": 2,
        "imported_by": [
            "re",
            "sre_compile"
        ],
        "imports": [
            "sre_constants"
        ],
        "name": "sre_parse",
        "path": "/home/jaidev/anaconda3/envs/stt/lib/python3.10/sre_parse.py"
    }
}
