{
    "__future__": {
        "bacon": 1,
        "imported_by": [
            "run_classifier.py"
        ],
        "name": "__future__",
        "path": "/home/jaidev/anaconda3/envs/stt/lib/python3.10/__future__.py"
    },
    "_collections": {
        "bacon": 2,
        "imported_by": [
            "collections"
        ],
        "name": "_collections",
        "path": null
    },
    "_collections_abc": {
        "bacon": 2,
        "imported_by": [
            "collections",
            "os"
        ],
        "imports": [
            "abc",
            "sys"
        ],
        "name": "_collections_abc",
        "path": "/home/jaidev/anaconda3/envs/stt/lib/python3.10/_collections_abc.py"
    },
    "_csv": {
        "bacon": 2,
        "imported_by": [
            "csv"
        ],
        "name": "_csv",
        "path": "/home/jaidev/anaconda3/envs/stt/lib/python3.10/lib-dynload/_csv.cpython-310-x86_64-linux-gnu.so"
    },
    "_weakref": {
        "bacon": 2,
        "imported_by": [
            "collections"
        ],
        "name": "_weakref",
        "path": null
    },
    "abc": {
        "bacon": 2,
        "imported_by": [
            "_collections_abc",
            "io",
            "os"
        ],
        "name": "abc",
        "path": "/home/jaidev/anaconda3/envs/stt/lib/python3.10/abc.py"
    },
    "collections": {
        "bacon": 1,
        "imported_by": [
            "run_classifier.py"
        ],
        "imports": [
            "_collections",
            "_collections_abc",
            "_weakref",
            "copy",
            "heapq",
            "itertools",
            "keyword",
            "operator",
            "reprlib",
            "sys"
        ],
        "name": "collections",
        "path": "/home/jaidev/anaconda3/envs/stt/lib/python3.10/collections/__init__.py"
    },
    "copy": {
        "bacon": 2,
        "imported_by": [
            "collections"
        ],
        "name": "copy",
        "path": "/home/jaidev/anaconda3/envs/stt/lib/python3.10/copy.py"
    },
    "csv": {
        "bacon": 1,
        "imported_by": [
            "run_classifier.py"
        ],
        "imports": [
            "_csv",
            "io",
            "re"
        ],
        "name": "csv",
        "path": "/home/jaidev/anaconda3/envs/stt/lib/python3.10/csv.py"
    },
    "heapq": {
        "bacon": 2,
        "imported_by": [
            "collections"
        ],
        "name": "heapq",
        "path": "/home/jaidev/anaconda3/envs/stt/lib/python3.10/heapq.py"
    },
    "io": {
        "bacon": 2,
        "imported_by": [
            "csv",
            "os",
            "subprocess"
        ],
        "imports": [
            "abc",
            "warnings"
        ],
        "name": "io",
        "path": "/home/jaidev/anaconda3/envs/stt/lib/python3.10/io.py"
    },
    "itertools": {
        "bacon": 2,
        "imported_by": [
            "collections",
            "reprlib"
        ],
        "name": "itertools",
        "path": null
    },
    "keyword": {
        "bacon": 2,
        "imported_by": [
            "collections"
        ],
        "name": "keyword",
        "path": "/home/jaidev/anaconda3/envs/stt/lib/python3.10/keyword.py"
    },
    "ntpath": {
        "bacon": 2,
        "imported_by": [
            "os"
        ],
        "imports": [
            "os",
            "stat",
            "sys"
        ],
        "name": "ntpath",
        "path": "/home/jaidev/anaconda3/envs/stt/lib/python3.10/ntpath.py"
    },
    "operator": {
        "bacon": 2,
        "imported_by": [
            "collections"
        ],
        "name": "operator",
        "path": "/home/jaidev/anaconda3/envs/stt/lib/python3.10/operator.py"
    },
    "os": {
        "bacon": 1,
        "imported_by": [
            "ntpath",
            "os",
            "posixpath",
            "run_classifier.py",
            "subprocess"
        ],
        "imports": [
            "_collections_abc",
            "abc",
            "io",
            "ntpath",
            "os",
            "posix",
            "posixpath",
            "stat",
            "subprocess",
            "sys",
            "warnings"
        ],
        "name": "os",
        "path": "/home/jaidev/anaconda3/envs/stt/lib/python3.10/os.py"
    },
    "posix": {
        "bacon": 2,
        "imported_by": [
            "os"
        ],
        "name": "posix",
        "path": null
    },
    "posixpath": {
        "bacon": 2,
        "imported_by": [
            "os"
        ],
        "imports": [
            "os",
            "re",
            "stat",
            "sys"
        ],
        "name": "posixpath",
        "path": "/home/jaidev/anaconda3/envs/stt/lib/python3.10/posixpath.py"
    },
    "re": {
        "bacon": 2,
        "imported_by": [
            "csv",
            "posixpath",
            "warnings"
        ],
        "name": "re",
        "path": "/home/jaidev/anaconda3/envs/stt/lib/python3.10/re.py"
    },
    "reprlib": {
        "bacon": 2,
        "imported_by": [
            "collections"
        ],
        "imports": [
            "itertools"
        ],
        "name": "reprlib",
        "path": "/home/jaidev/anaconda3/envs/stt/lib/python3.10/reprlib.py"
    },
    "run_classifier.py": {
        "bacon": 0,
        "imports": [
            "__future__",
            "collections",
            "csv",
            "os"
        ],
        "name": "run_classifier.py",
        "path": "run_classifier.py"
    },
    "stat": {
        "bacon": 2,
        "imported_by": [
            "ntpath",
            "os",
            "posixpath"
        ],
        "name": "stat",
        "path": "/home/jaidev/anaconda3/envs/stt/lib/python3.10/stat.py"
    },
    "subprocess": {
        "bacon": 2,
        "imported_by": [
            "os"
        ],
        "imports": [
            "io",
            "os",
            "sys",
            "warnings"
        ],
        "name": "subprocess",
        "path": "/home/jaidev/anaconda3/envs/stt/lib/python3.10/subprocess.py"
    },
    "sys": {
        "bacon": 2,
        "imported_by": [
            "_collections_abc",
            "collections",
            "ntpath",
            "os",
            "posixpath",
            "subprocess",
            "warnings"
        ],
        "name": "sys",
        "path": null
    },
    "warnings": {
        "bacon": 2,
        "imported_by": [
            "io",
            "os",
            "subprocess"
        ],
        "imports": [
            "re",
            "sys"
        ],
        "name": "warnings",
        "path": "/home/jaidev/anaconda3/envs/stt/lib/python3.10/warnings.py"
    }
}
