{
    "__future__": {
        "bacon": 1,
        "imported_by": [
            "run_squad.py",
            "six"
        ],
        "name": "__future__",
        "path": "/home/jaidev/anaconda3/envs/stt/lib/python3.10/__future__.py"
    },
    "_collections": {
        "bacon": 2,
        "imported_by": [
            "collections"
        ],
        "name": "_collections",
        "path": null
    },
    "_collections_abc": {
        "bacon": 2,
        "imported_by": [
            "collections",
            "os",
            "random",
            "types"
        ],
        "imports": [
            "abc",
            "sys"
        ],
        "name": "_collections_abc",
        "path": "/home/jaidev/anaconda3/envs/stt/lib/python3.10/_collections_abc.py"
    },
    "_random": {
        "bacon": 2,
        "imported_by": [
            "random"
        ],
        "name": "_random",
        "path": "/home/jaidev/anaconda3/envs/stt/lib/python3.10/lib-dynload/_random.cpython-310-x86_64-linux-gnu.so"
    },
    "_sha512": {
        "bacon": 2,
        "imported_by": [
            "hashlib",
            "random"
        ],
        "name": "_sha512",
        "path": "/home/jaidev/anaconda3/envs/stt/lib/python3.10/lib-dynload/_sha512.cpython-310-x86_64-linux-gnu.so"
    },
    "_weakref": {
        "bacon": 2,
        "imported_by": [
            "collections"
        ],
        "name": "_weakref",
        "path": null
    },
    "abc": {
        "bacon": 2,
        "imported_by": [
            "_collections_abc",
            "functools",
            "io",
            "os"
        ],
        "name": "abc",
        "path": "/home/jaidev/anaconda3/envs/stt/lib/python3.10/abc.py"
    },
    "bisect": {
        "bacon": 2,
        "imported_by": [
            "random",
            "statistics"
        ],
        "name": "bisect",
        "path": "/home/jaidev/anaconda3/envs/stt/lib/python3.10/bisect.py"
    },
    "codecs": {
        "bacon": 2,
        "imported_by": [
            "json"
        ],
        "imports": [
            "sys"
        ],
        "name": "codecs",
        "path": "/home/jaidev/anaconda3/envs/stt/lib/python3.10/codecs.py"
    },
    "collections": {
        "bacon": 1,
        "imported_by": [
            "functools",
            "run_squad.py",
            "statistics"
        ],
        "imports": [
            "_collections",
            "_collections_abc",
            "_weakref",
            "copy",
            "heapq",
            "itertools",
            "keyword",
            "operator",
            "reprlib",
            "sys"
        ],
        "name": "collections",
        "path": "/home/jaidev/anaconda3/envs/stt/lib/python3.10/collections/__init__.py"
    },
    "copy": {
        "bacon": 2,
        "imported_by": [
            "collections"
        ],
        "imports": [
            "types"
        ],
        "name": "copy",
        "path": "/home/jaidev/anaconda3/envs/stt/lib/python3.10/copy.py"
    },
    "functools": {
        "bacon": 2,
        "imported_by": [
            "importlib.util",
            "operator",
            "six",
            "types"
        ],
        "imports": [
            "abc",
            "collections",
            "reprlib",
            "types"
        ],
        "name": "functools",
        "path": "/home/jaidev/anaconda3/envs/stt/lib/python3.10/functools.py"
    },
    "hashlib": {
        "bacon": 2,
        "imported_by": [
            "random"
        ],
        "imports": [
            "_sha512",
            "warnings"
        ],
        "name": "hashlib",
        "path": "/home/jaidev/anaconda3/envs/stt/lib/python3.10/hashlib.py"
    },
    "heapq": {
        "bacon": 2,
        "imported_by": [
            "collections"
        ],
        "name": "heapq",
        "path": "/home/jaidev/anaconda3/envs/stt/lib/python3.10/heapq.py"
    },
    "importlib": {
        "bacon": 2,
        "imported_by": [
            "importlib",
            "six"
        ],
        "imports": [
            "importlib",
            "sys",
            "warnings"
        ],
        "name": "importlib",
        "path": "/home/jaidev/anaconda3/envs/stt/lib/python3.10/importlib/__init__.py"
    },
    "importlib.util": {
        "bacon": 2,
        "imported_by": [
            "six"
        ],
        "imports": [
            "functools",
            "sys",
            "types",
            "warnings"
        ],
        "name": "importlib.util",
        "path": "/home/jaidev/anaconda3/envs/stt/lib/python3.10/importlib/util.py"
    },
    "io": {
        "bacon": 2,
        "imported_by": [
            "os",
            "six",
            "subprocess"
        ],
        "imports": [
            "abc",
            "warnings"
        ],
        "name": "io",
        "path": "/home/jaidev/anaconda3/envs/stt/lib/python3.10/io.py"
    },
    "itertools": {
        "bacon": 2,
        "imported_by": [
            "collections",
            "random",
            "reprlib",
            "six",
            "statistics"
        ],
        "name": "itertools",
        "path": null
    },
    "json": {
        "bacon": 1,
        "imported_by": [
            "json.decoder",
            "run_squad.py"
        ],
        "imports": [
            "codecs",
            "json.decoder",
            "json.encoder"
        ],
        "name": "json",
        "path": "/home/jaidev/anaconda3/envs/stt/lib/python3.10/json/__init__.py"
    },
    "json.decoder": {
        "bacon": 2,
        "imported_by": [
            "json"
        ],
        "imports": [
            "json"
        ],
        "name": "json.decoder",
        "path": "/home/jaidev/anaconda3/envs/stt/lib/python3.10/json/decoder.py"
    },
    "json.encoder": {
        "bacon": 2,
        "imported_by": [
            "json"
        ],
        "name": "json.encoder",
        "path": "/home/jaidev/anaconda3/envs/stt/lib/python3.10/json/encoder.py"
    },
    "keyword": {
        "bacon": 2,
        "imported_by": [
            "collections"
        ],
        "name": "keyword",
        "path": "/home/jaidev/anaconda3/envs/stt/lib/python3.10/keyword.py"
    },
    "math": {
        "bacon": 1,
        "imported_by": [
            "random",
            "run_squad.py",
            "statistics"
        ],
        "name": "math",
        "path": "/home/jaidev/anaconda3/envs/stt/lib/python3.10/lib-dynload/math.cpython-310-x86_64-linux-gnu.so"
    },
    "ntpath": {
        "bacon": 2,
        "imported_by": [
            "os"
        ],
        "imports": [
            "os",
            "stat",
            "sys"
        ],
        "name": "ntpath",
        "path": "/home/jaidev/anaconda3/envs/stt/lib/python3.10/ntpath.py"
    },
    "operator": {
        "bacon": 2,
        "imported_by": [
            "collections",
            "random",
            "six",
            "statistics"
        ],
        "imports": [
            "functools"
        ],
        "name": "operator",
        "path": "/home/jaidev/anaconda3/envs/stt/lib/python3.10/operator.py"
    },
    "os": {
        "bacon": 1,
        "imported_by": [
            "ntpath",
            "os",
            "posixpath",
            "random",
            "run_squad.py",
            "subprocess"
        ],
        "imports": [
            "_collections_abc",
            "abc",
            "io",
            "ntpath",
            "os",
            "posix",
            "posixpath",
            "stat",
            "subprocess",
            "sys",
            "warnings"
        ],
        "name": "os",
        "path": "/home/jaidev/anaconda3/envs/stt/lib/python3.10/os.py"
    },
    "posix": {
        "bacon": 2,
        "imported_by": [
            "os"
        ],
        "name": "posix",
        "path": null
    },
    "posixpath": {
        "bacon": 2,
        "imported_by": [
            "os"
        ],
        "imports": [
            "os",
            "stat",
            "sys"
        ],
        "name": "posixpath",
        "path": "/home/jaidev/anaconda3/envs/stt/lib/python3.10/posixpath.py"
    },
    "random": {
        "bacon": 1,
        "imported_by": [
            "run_squad.py",
            "statistics"
        ],
        "imports": [
            "_collections_abc",
            "_random",
            "_sha512",
            "bisect",
            "hashlib",
            "itertools",
            "math",
            "operator",
            "os",
            "statistics",
            "time",
            "warnings"
        ],
        "name": "random",
        "path": "/home/jaidev/anaconda3/envs/stt/lib/python3.10/random.py"
    },
    "reprlib": {
        "bacon": 2,
        "imported_by": [
            "collections",
            "functools"
        ],
        "imports": [
            "itertools"
        ],
        "name": "reprlib",
        "path": "/home/jaidev/anaconda3/envs/stt/lib/python3.10/reprlib.py"
    },
    "run_squad.py": {
        "bacon": 0,
        "imports": [
            "__future__",
            "collections",
            "json",
            "math",
            "os",
            "random",
            "six"
        ],
        "name": "run_squad.py",
        "path": "run_squad.py"
    },
    "six": {
        "bacon": 1,
        "imported_by": [
            "run_squad.py"
        ],
        "imports": [
            "__future__",
            "functools",
            "importlib",
            "importlib.util",
            "io",
            "itertools",
            "operator",
            "struct",
            "sys",
            "types"
        ],
        "name": "six",
        "path": "/home/jaidev/anaconda3/envs/stt/lib/python3.10/site-packages/six.py"
    },
    "stat": {
        "bacon": 2,
        "imported_by": [
            "ntpath",
            "os",
            "posixpath"
        ],
        "name": "stat",
        "path": "/home/jaidev/anaconda3/envs/stt/lib/python3.10/stat.py"
    },
    "statistics": {
        "bacon": 2,
        "imported_by": [
            "random"
        ],
        "imports": [
            "bisect",
            "collections",
            "itertools",
            "math",
            "operator",
            "random"
        ],
        "name": "statistics",
        "path": "/home/jaidev/anaconda3/envs/stt/lib/python3.10/statistics.py"
    },
    "struct": {
        "bacon": 2,
        "imported_by": [
            "six"
        ],
        "name": "struct",
        "path": "/home/jaidev/anaconda3/envs/stt/lib/python3.10/struct.py"
    },
    "subprocess": {
        "bacon": 2,
        "imported_by": [
            "os"
        ],
        "imports": [
            "io",
            "os",
            "sys",
            "time",
            "types",
            "warnings"
        ],
        "name": "subprocess",
        "path": "/home/jaidev/anaconda3/envs/stt/lib/python3.10/subprocess.py"
    },
    "sys": {
        "bacon": 2,
        "imported_by": [
            "_collections_abc",
            "codecs",
            "collections",
            "importlib",
            "importlib.util",
            "ntpath",
            "os",
            "posixpath",
            "six",
            "subprocess",
            "types",
            "warnings"
        ],
        "name": "sys",
        "path": null
    },
    "time": {
        "bacon": 2,
        "imported_by": [
            "random",
            "subprocess"
        ],
        "name": "time",
        "path": null
    },
    "types": {
        "bacon": 2,
        "imported_by": [
            "copy",
            "functools",
            "importlib.util",
            "six",
            "subprocess"
        ],
        "imports": [
            "_collections_abc",
            "functools",
            "sys"
        ],
        "name": "types",
        "path": "/home/jaidev/anaconda3/envs/stt/lib/python3.10/types.py"
    },
    "warnings": {
        "bacon": 2,
        "imported_by": [
            "hashlib",
            "importlib",
            "importlib.util",
            "io",
            "os",
            "random",
            "subprocess"
        ],
        "imports": [
            "sys"
        ],
        "name": "warnings",
        "path": "/home/jaidev/anaconda3/envs/stt/lib/python3.10/warnings.py"
    }
}
