{
    "__future__": {
        "bacon": 1,
        "imported_by": [
            "run_pretraining.py"
        ],
        "name": "__future__",
        "path": "/home/jaidev/anaconda3/envs/stt/lib/python3.10/__future__.py"
    },
    "_collections_abc": {
        "bacon": 2,
        "imported_by": [
            "os"
        ],
        "imports": [
            "abc",
            "sys"
        ],
        "name": "_collections_abc",
        "path": "/home/jaidev/anaconda3/envs/stt/lib/python3.10/_collections_abc.py"
    },
    "abc": {
        "bacon": 2,
        "imported_by": [
            "_collections_abc",
            "io",
            "os"
        ],
        "name": "abc",
        "path": "/home/jaidev/anaconda3/envs/stt/lib/python3.10/abc.py"
    },
    "io": {
        "bacon": 2,
        "imported_by": [
            "os",
            "subprocess"
        ],
        "imports": [
            "abc",
            "warnings"
        ],
        "name": "io",
        "path": "/home/jaidev/anaconda3/envs/stt/lib/python3.10/io.py"
    },
    "ntpath": {
        "bacon": 2,
        "imported_by": [
            "os"
        ],
        "imports": [
            "os",
            "stat",
            "sys"
        ],
        "name": "ntpath",
        "path": "/home/jaidev/anaconda3/envs/stt/lib/python3.10/ntpath.py"
    },
    "os": {
        "bacon": 1,
        "imported_by": [
            "ntpath",
            "posixpath",
            "run_pretraining.py",
            "subprocess"
        ],
        "imports": [
            "_collections_abc",
            "abc",
            "io",
            "ntpath",
            "posix",
            "posixpath",
            "stat",
            "subprocess",
            "sys",
            "warnings"
        ],
        "name": "os",
        "path": "/home/jaidev/anaconda3/envs/stt/lib/python3.10/os.py"
    },
    "posix": {
        "bacon": 2,
        "imported_by": [
            "os"
        ],
        "name": "posix",
        "path": null
    },
    "posixpath": {
        "bacon": 2,
        "imported_by": [
            "os"
        ],
        "imports": [
            "os",
            "stat",
            "sys"
        ],
        "name": "posixpath",
        "path": "/home/jaidev/anaconda3/envs/stt/lib/python3.10/posixpath.py"
    },
    "run_pretraining.py": {
        "bacon": 0,
        "imports": [
            "__future__",
            "os"
        ],
        "name": "run_pretraining.py",
        "path": "run_pretraining.py"
    },
    "stat": {
        "bacon": 2,
        "imported_by": [
            "ntpath",
            "os",
            "posixpath"
        ],
        "name": "stat",
        "path": "/home/jaidev/anaconda3/envs/stt/lib/python3.10/stat.py"
    },
    "subprocess": {
        "bacon": 2,
        "imported_by": [
            "os"
        ],
        "imports": [
            "io",
            "os",
            "sys",
            "warnings"
        ],
        "name": "subprocess",
        "path": "/home/jaidev/anaconda3/envs/stt/lib/python3.10/subprocess.py"
    },
    "sys": {
        "bacon": 2,
        "imported_by": [
            "_collections_abc",
            "ntpath",
            "os",
            "posixpath",
            "subprocess",
            "warnings"
        ],
        "name": "sys",
        "path": null
    },
    "warnings": {
        "bacon": 2,
        "imported_by": [
            "io",
            "os",
            "subprocess"
        ],
        "imports": [
            "sys"
        ],
        "name": "warnings",
        "path": "/home/jaidev/anaconda3/envs/stt/lib/python3.10/warnings.py"
    }
}
