{
    "__future__": {
        "bacon": 1,
        "imported_by": [
            "six",
            "tokenization.py"
        ],
        "name": "__future__",
        "path": "/home/jaidev/anaconda3/envs/stt/lib/python3.10/__future__.py"
    },
    "_collections": {
        "bacon": 2,
        "imported_by": [
            "collections"
        ],
        "name": "_collections",
        "path": null
    },
    "_collections_abc": {
        "bacon": 2,
        "imported_by": [
            "collections",
            "types"
        ],
        "imports": [
            "sys"
        ],
        "name": "_collections_abc",
        "path": "/home/jaidev/anaconda3/envs/stt/lib/python3.10/_collections_abc.py"
    },
    "_locale": {
        "bacon": 2,
        "imported_by": [
            "re"
        ],
        "name": "_locale",
        "path": null
    },
    "_weakref": {
        "bacon": 2,
        "imported_by": [
            "collections"
        ],
        "name": "_weakref",
        "path": null
    },
    "collections": {
        "bacon": 1,
        "imported_by": [
            "functools",
            "tokenization.py"
        ],
        "imports": [
            "_collections",
            "_collections_abc",
            "_weakref",
            "copy",
            "heapq",
            "itertools",
            "keyword",
            "operator",
            "reprlib",
            "sys"
        ],
        "name": "collections",
        "path": "/home/jaidev/anaconda3/envs/stt/lib/python3.10/collections/__init__.py"
    },
    "copy": {
        "bacon": 2,
        "imported_by": [
            "collections"
        ],
        "imports": [
            "copyreg",
            "types"
        ],
        "name": "copy",
        "path": "/home/jaidev/anaconda3/envs/stt/lib/python3.10/copy.py"
    },
    "copyreg": {
        "bacon": 2,
        "imported_by": [
            "copy",
            "re"
        ],
        "imports": [
            "functools",
            "operator"
        ],
        "name": "copyreg",
        "path": "/home/jaidev/anaconda3/envs/stt/lib/python3.10/copyreg.py"
    },
    "enum": {
        "bacon": 2,
        "imported_by": [
            "re"
        ],
        "imports": [
            "sys",
            "types"
        ],
        "name": "enum",
        "path": "/home/jaidev/anaconda3/envs/stt/lib/python3.10/enum.py"
    },
    "functools": {
        "bacon": 2,
        "imported_by": [
            "copyreg",
            "importlib.util",
            "operator",
            "re",
            "six",
            "types"
        ],
        "imports": [
            "collections",
            "reprlib",
            "types"
        ],
        "name": "functools",
        "path": "/home/jaidev/anaconda3/envs/stt/lib/python3.10/functools.py"
    },
    "heapq": {
        "bacon": 2,
        "imported_by": [
            "collections"
        ],
        "name": "heapq",
        "path": "/home/jaidev/anaconda3/envs/stt/lib/python3.10/heapq.py"
    },
    "importlib": {
        "bacon": 2,
        "imported_by": [
            "importlib",
            "six"
        ],
        "imports": [
            "importlib",
            "sys"
        ],
        "name": "importlib",
        "path": "/home/jaidev/anaconda3/envs/stt/lib/python3.10/importlib/__init__.py"
    },
    "importlib.util": {
        "bacon": 2,
        "imported_by": [
            "six"
        ],
        "imports": [
            "functools",
            "sys",
            "types"
        ],
        "name": "importlib.util",
        "path": "/home/jaidev/anaconda3/envs/stt/lib/python3.10/importlib/util.py"
    },
    "io": {
        "bacon": 2,
        "imported_by": [
            "six"
        ],
        "name": "io",
        "path": "/home/jaidev/anaconda3/envs/stt/lib/python3.10/io.py"
    },
    "itertools": {
        "bacon": 2,
        "imported_by": [
            "collections",
            "reprlib",
            "six"
        ],
        "name": "itertools",
        "path": null
    },
    "keyword": {
        "bacon": 2,
        "imported_by": [
            "collections"
        ],
        "name": "keyword",
        "path": "/home/jaidev/anaconda3/envs/stt/lib/python3.10/keyword.py"
    },
    "operator": {
        "bacon": 2,
        "imported_by": [
            "collections",
            "copyreg",
            "six"
        ],
        "imports": [
            "functools"
        ],
        "name": "operator",
        "path": "/home/jaidev/anaconda3/envs/stt/lib/python3.10/operator.py"
    },
    "re": {
        "bacon": 1,
        "imported_by": [
            "tokenization.py"
        ],
        "imports": [
            "_locale",
            "copyreg",
            "enum",
            "functools",
            "sre_compile",
            "sre_constants",
            "sre_parse"
        ],
        "name": "re",
        "path": "/home/jaidev/anaconda3/envs/stt/lib/python3.10/re.py"
    },
    "reprlib": {
        "bacon": 2,
        "imported_by": [
            "collections",
            "functools"
        ],
        "imports": [
            "itertools"
        ],
        "name": "reprlib",
        "path": "/home/jaidev/anaconda3/envs/stt/lib/python3.10/reprlib.py"
    },
    "six": {
        "bacon": 1,
        "imported_by": [
            "tokenization.py"
        ],
        "imports": [
            "__future__",
            "functools",
            "importlib",
            "importlib.util",
            "io",
            "itertools",
            "operator",
            "struct",
            "sys",
            "types"
        ],
        "name": "six",
        "path": "/home/jaidev/anaconda3/envs/stt/lib/python3.10/site-packages/six.py"
    },
    "sre_compile": {
        "bacon": 2,
        "imported_by": [
            "re"
        ],
        "imports": [
            "sre_constants",
            "sre_parse",
            "sys"
        ],
        "name": "sre_compile",
        "path": "/home/jaidev/anaconda3/envs/stt/lib/python3.10/sre_compile.py"
    },
    "sre_constants": {
        "bacon": 2,
        "imported_by": [
            "re",
            "sre_compile",
            "sre_parse"
        ],
        "name": "sre_constants",
        "path": "/home/jaidev/anaconda3/envs/stt/lib/python3.10/sre_constants.py"
    },
    "sre_parse": {
        "bacon": 2,
        "imported_by": [
            "re",
            "sre_compile"
        ],
        "imports": [
            "sre_constants",
            "unicodedata"
        ],
        "name": "sre_parse",
        "path": "/home/jaidev/anaconda3/envs/stt/lib/python3.10/sre_parse.py"
    },
    "struct": {
        "bacon": 2,
        "imported_by": [
            "six"
        ],
        "name": "struct",
        "path": "/home/jaidev/anaconda3/envs/stt/lib/python3.10/struct.py"
    },
    "sys": {
        "bacon": 2,
        "imported_by": [
            "_collections_abc",
            "collections",
            "enum",
            "importlib",
            "importlib.util",
            "six",
            "sre_compile",
            "types"
        ],
        "name": "sys",
        "path": null
    },
    "tokenization.py": {
        "bacon": 0,
        "imports": [
            "__future__",
            "collections",
            "re",
            "six",
            "unicodedata"
        ],
        "name": "tokenization.py",
        "path": "tokenization.py"
    },
    "types": {
        "bacon": 2,
        "imported_by": [
            "copy",
            "enum",
            "functools",
            "importlib.util",
            "six"
        ],
        "imports": [
            "_collections_abc",
            "functools",
            "sys"
        ],
        "name": "types",
        "path": "/home/jaidev/anaconda3/envs/stt/lib/python3.10/types.py"
    },
    "unicodedata": {
        "bacon": 1,
        "imported_by": [
            "sre_parse",
            "tokenization.py"
        ],
        "name": "unicodedata",
        "path": "/home/jaidev/anaconda3/envs/stt/lib/python3.10/lib-dynload/unicodedata.cpython-310-x86_64-linux-gnu.so"
    }
}
