Project Name,Package Name,Type Name,LCOM1,LCOM2,LCOM3,LCOM4,LCOM5,YALCOM
netty-socketio,com.corundumstudio.socketio,Configuration,3276.0,3231.0,40.0,2.0,0.98670465337132,0.024390243902439
netty-socketio,com.corundumstudio.socketio.namespace,Namespace,811.0,676.0,8.0,4.0,0.93296853625171,0.0909090909090909
netty-socketio,com.corundumstudio.socketio.handler,ClientHead,443.0,325.0,4.0,2.0,0.9090909090909092,0.0588235294117647
netty-socketio,com.corundumstudio.socketio.protocol,JacksonJsonSupport,314.0,277.0,12.0,12.0,0.9461538461538462,0.4444444444444444
netty-socketio,com.corundumstudio.socketio.protocol,Packet,276.0,227.0,3.0,2.0,0.901818181818182,0.0769230769230769
netty-socketio,com.corundumstudio.socketio,SocketConfig,144.0,135.0,9.0,9.0,0.9411764705882352,0.5
netty-socketio,com.corundumstudio.socketio,SocketIOServer,253.0,128.0,2.0,1.0,0.8472222222222222,0.0
netty-socketio,com.corundumstudio.socketio.protocol,PacketDecoder,104.0,103.0,14.0,2.0,0.9642857142857144,0.1333333333333333
netty-socketio,com.corundumstudio.socketio.protocol,PacketEncoder,87.0,83.0,11.0,2.0,0.979020979020979,0.1428571428571428
netty-socketio,com.corundumstudio.socketio.transport,HttpTransportTest,108.0,80.0,8.0,3.0,0.90625,0.1176470588235294
