Project Name,Package Name,Type Name,LCOM1,LCOM2,LCOM3,LCOM4,LCOM5,YALCOM
netty-socketio,com.corundumstudio.socketio.protocol,AckArgsDeserializer,1.0,0.0,2.0,2.0,2.0,1.0
netty-socketio,com.corundumstudio.socketio.handler,SocketIOException,3.0,0.0,3.0,3.0,1.5,1.0
netty-socketio,com.corundumstudio.socketio.protocol,EventDeserializer,1.0,1.0,2.0,2.0,1.5,1.0
netty-socketio,com.corundumstudio.socketio.protocol,UTF8CharsScanner,1.0,0.0,2.0,1.0,1.5,0.0
netty-socketio,com.corundumstudio.socketio.parser,PayloadTest,2.0,1.0,4.0,4.0,1.1666666666666667,0.6666666666666666
netty-socketio,com.corundumstudio.socketio.annotation,ScannerEngine,6.0,0.0,4.0,1.0,1.0,0.0
netty-socketio,com.corundumstudio.socketio.store,MemoryStoreFactory,10.0,10.0,5.0,5.0,1.0,1.0
netty-socketio,com.corundumstudio.socketio.store.pubsub,ConnectMessage,2.0,1.0,2.0,2.0,1.0,0.6666666666666666
netty-socketio,com.corundumstudio.socketio.store.pubsub,DisconnectMessage,2.0,1.0,2.0,2.0,1.0,0.6666666666666666
netty-socketio,com.corundumstudio.socketio.store.pubsub,PubSubMessage,0.0,0.0,1.0,1.0,1.0,0.0
