Project Name,Package Name,Type Name,LCOM1,LCOM2,LCOM3,LCOM4,LCOM5,YALCOM
netty-socketio,com.corundumstudio.socketio,SocketIOClient,120.0,0.0,16.0,16.0,0.0,-1.0
netty-socketio,com.corundumstudio.socketio.protocol,JacksonJsonSupport,314.0,277.0,12.0,12.0,0.9461538461538462,0.4444444444444444
netty-socketio,com.corundumstudio.socketio.listener,ClientListeners,55.0,0.0,11.0,11.0,0.0,-1.0
netty-socketio,com.corundumstudio.socketio,SocketConfig,144.0,135.0,9.0,9.0,0.9411764705882352,0.5
netty-socketio,com.corundumstudio.socketio,BroadcastOperations,21.0,0.0,7.0,7.0,0.0,-1.0
netty-socketio,com.corundumstudio.socketio,SocketIONamespace,21.0,0.0,7.0,7.0,0.0,-1.0
netty-socketio,com.corundumstudio.socketio.listener,DefaultExceptionListener,21.0,0.0,7.0,7.0,-0.0,0.0
netty-socketio,com.corundumstudio.socketio.listener,ExceptionListener,21.0,0.0,7.0,7.0,0.0,-1.0
netty-socketio,com.corundumstudio.socketio.listener,ExceptionListenerAdapter,15.0,0.0,6.0,6.0,0.0,1.0
netty-socketio,com.corundumstudio.socketio.protocol,ByteArraySerializer,33.0,30.0,7.0,6.0,0.9375,0.6666666666666666
