Project Name,Package Name,Type Name,LCOM1,LCOM2,LCOM3,LCOM4,LCOM5,YALCOM
netty-socketio,com.corundumstudio.socketio.ack,AckManager,89.0,73.0,6.0,2.0,0.8571428571428571,0.13333333333333333
netty-socketio,com.corundumstudio.socketio.ack,AckEntry,3.0,0.0,1.0,1.0,0.5,0.0
netty-socketio,com.corundumstudio.socketio.ack,AckSchedulerKey,0.0,0.0,1.0,1.0,-0.0,0.0
netty-socketio,com.corundumstudio.socketio,AckCallback,11.0,7.0,3.0,3.0,0.7,0.5
netty-socketio,com.corundumstudio.socketio,AckRequest,3.0,0.0,2.0,2.0,0.6666666666666666,0.5
netty-socketio,com.corundumstudio.socketio,AuthorizationListener,0.0,0.0,1.0,1.0,0.0,-1.0
netty-socketio,com.corundumstudio.socketio,AuthorizationResult,1.0,0.0,1.0,1.0,0.8333333333333334,0.0
netty-socketio,com.corundumstudio.socketio,AuthTokenListener,0.0,0.0,1.0,1.0,0.0,-1.0
netty-socketio,com.corundumstudio.socketio,AuthTokenResult,1.0,0.0,1.0,1.0,0.8333333333333334,0.0
netty-socketio,com.corundumstudio.socketio,BroadcastAckCallback,38.0,31.0,5.0,1.0,0.8666666666666667,0.0
netty-socketio,com.corundumstudio.socketio,BroadcastOperations,21.0,0.0,7.0,7.0,0.0,-1.0
netty-socketio,com.corundumstudio.socketio,ClientOperations,3.0,0.0,3.0,3.0,0.0,-1.0
netty-socketio,com.corundumstudio.socketio,Configuration,3276.0,3231.0,40.0,2.0,0.98670465337132,0.024390243902439025
netty-socketio,com.corundumstudio.socketio,Disconnectable,0.0,0.0,1.0,1.0,0.0,-1.0
netty-socketio,com.corundumstudio.socketio,DisconnectableHub,0.0,0.0,0.0,0.0,0.0,-1.0
netty-socketio,com.corundumstudio.socketio,HandshakeData,62.0,46.0,4.0,4.0,0.8888888888888888,0.3076923076923077
netty-socketio,com.corundumstudio.socketio,HttpRequestDecoderConfiguration,19.0,10.0,2.0,2.0,0.7142857142857143,0.25
netty-socketio,com.corundumstudio.socketio,JsonSupportWrapper,0.0,0.0,1.0,1.0,0.3333333333333333,0.0
netty-socketio,com.corundumstudio.socketio,MultiRoomBroadcastOperations,19.0,0.0,3.0,3.0,0.2,0.2727272727272727
netty-socketio,com.corundumstudio.socketio,MultiTypeAckCallback,0.0,0.0,1.0,1.0,-0.0,0.0
netty-socketio,com.corundumstudio.socketio,MultiTypeArgs,18.0,8.0,4.0,1.0,0.42857142857142855,0.0
netty-socketio,com.corundumstudio.socketio,SingleRoomBroadcastOperations,37.0,8.0,4.0,3.0,0.7727272727272727,0.25
netty-socketio,com.corundumstudio.socketio,SocketConfig,144.0,135.0,9.0,9.0,0.9411764705882353,0.5
netty-socketio,com.corundumstudio.socketio,SocketIOChannelInitializer,19.0,2.0,3.0,2.0,0.9326923076923077,0.2222222222222222
netty-socketio,com.corundumstudio.socketio,SocketIOClient,120.0,0.0,16.0,16.0,0.0,-1.0
netty-socketio,com.corundumstudio.socketio,SocketIONamespace,21.0,0.0,7.0,7.0,0.0,-1.0
netty-socketio,com.corundumstudio.socketio,SocketIOServer,253.0,128.0,2.0,1.0,0.8472222222222222,0.0
netty-socketio,com.corundumstudio.socketio,VoidAckCallback,6.0,0.0,4.0,3.0,0.0,0.75
netty-socketio,com.corundumstudio.socketio,JoinIteratorsTest,0.0,0.0,1.0,1.0,0.0,0.0
netty-socketio,com.corundumstudio.socketio.annotation,AnnotationScanner,3.0,0.0,3.0,3.0,0.0,-1.0
netty-socketio,com.corundumstudio.socketio.annotation,OnConnectScanner,6.0,0.0,4.0,4.0,0.0,1.0
netty-socketio,com.corundumstudio.socketio.annotation,OnDisconnectScanner,6.0,0.0,4.0,4.0,0.0,1.0
netty-socketio,com.corundumstudio.socketio.annotation,OnEventScanner,21.0,0.0,7.0,4.0,0.0,0.5714285714285714
netty-socketio,com.corundumstudio.socketio.annotation,ScannerEngine,6.0,0.0,4.0,1.0,1.0,0.0
netty-socketio,com.corundumstudio.socketio.annotation,SpringAnnotationScanner,7.0,4.0,2.0,2.0,0.7916666666666667,0.4
netty-socketio,com.corundumstudio.socketio.handler,AuthorizeHandler,29.0,13.0,4.0,2.0,0.7777777777777778,0.0
netty-socketio,com.corundumstudio.socketio.handler,ClientHead,443.0,325.0,4.0,2.0,0.9090909090909091,0.058823529411764705
netty-socketio,com.corundumstudio.socketio.handler,ClientsBox,12.0,3.0,2.0,2.0,0.5833333333333334,0.2857142857142857
netty-socketio,com.corundumstudio.socketio.handler,EncoderHandler,44.0,0.0,1.0,1.0,0.8717948717948718,0.0
netty-socketio,com.corundumstudio.socketio.handler,ChannelFutureList,2.0,0.0,1.0,1.0,0.375,0.0
netty-socketio,com.corundumstudio.socketio.handler,InPacketHandler,1.0,0.0,1.0,1.0,0.6,0.0
netty-socketio,com.corundumstudio.socketio.handler,PacketListener,0.0,0.0,1.0,1.0,-0.0,0.0
netty-socketio,com.corundumstudio.socketio.handler,SocketIOException,3.0,0.0,3.0,3.0,1.5,1.0
netty-socketio,com.corundumstudio.socketio.handler,SuccessAuthorizationListener,0.0,0.0,1.0,1.0,0.0,0.0
netty-socketio,com.corundumstudio.socketio.handler,TransportState,4.0,2.0,2.0,2.0,0.6666666666666666,0.5
netty-socketio,com.corundumstudio.socketio.handler,WrongUrlHandler,0.0,0.0,1.0,1.0,0.0,0.0
netty-socketio,com.corundumstudio.socketio.listener,ClientListeners,55.0,0.0,11.0,11.0,0.0,-1.0
netty-socketio,com.corundumstudio.socketio.listener,ConnectListener,0.0,0.0,1.0,1.0,0.0,-1.0
netty-socketio,com.corundumstudio.socketio.listener,DataListener,0.0,0.0,1.0,1.0,0.0,-1.0
netty-socketio,com.corundumstudio.socketio.listener,DefaultExceptionListener,21.0,0.0,7.0,7.0,-0.0,0.0
netty-socketio,com.corundumstudio.socketio.listener,DisconnectListener,0.0,0.0,1.0,1.0,0.0,-1.0
netty-socketio,com.corundumstudio.socketio.listener,EventInterceptor,0.0,0.0,1.0,1.0,0.0,-1.0
netty-socketio,com.corundumstudio.socketio.listener,ExceptionListener,21.0,0.0,7.0,7.0,0.0,-1.0
netty-socketio,com.corundumstudio.socketio.listener,ExceptionListenerAdapter,15.0,0.0,6.0,6.0,0.0,1.0
netty-socketio,com.corundumstudio.socketio.listener,MultiTypeEventListener,0.0,0.0,0.0,0.0,0.0,-1.0
netty-socketio,com.corundumstudio.socketio.listener,PingListener,0.0,0.0,1.0,1.0,0.0,-1.0
netty-socketio,com.corundumstudio.socketio.listener,PongListener,0.0,0.0,1.0,1.0,0.0,-1.0
netty-socketio,com.corundumstudio.socketio.messages,HttpErrorMessage,0.0,0.0,1.0,1.0,-0.0,0.0
netty-socketio,com.corundumstudio.socketio.messages,HttpMessage,1.0,0.0,1.0,1.0,0.5,0.0
netty-socketio,com.corundumstudio.socketio.messages,OutPacketMessage,1.0,0.0,1.0,1.0,0.5,0.0
netty-socketio,com.corundumstudio.socketio.messages,PacketsMessage,3.0,0.0,1.0,1.0,0.6666666666666666,0.0
netty-socketio,com.corundumstudio.socketio.messages,XHROptionsMessage,0.0,0.0,1.0,1.0,0.0,0.0
netty-socketio,com.corundumstudio.socketio.messages,XHRPostMessage,0.0,0.0,1.0,1.0,0.0,0.0
netty-socketio,com.corundumstudio.socketio.misc,CompositeIterable,0.0,0.0,1.0,1.0,0.16666666666666666,0.0
netty-socketio,com.corundumstudio.socketio.misc,CompositeIterator,0.0,0.0,1.0,1.0,0.3333333333333333,0.0
netty-socketio,com.corundumstudio.socketio.misc,IterableCollection,0.0,0.0,1.0,1.0,-0.0,0.0
netty-socketio,com.corundumstudio.socketio.namespace,EventEntry,2.0,1.0,2.0,2.0,0.5,0.6666666666666666
netty-socketio,com.corundumstudio.socketio.namespace,Namespace,811.0,676.0,8.0,4.0,0.93296853625171,0.09090909090909091
netty-socketio,com.corundumstudio.socketio.namespace,NamespacesHub,4.0,0.0,1.0,1.0,0.5,0.0
netty-socketio,com.corundumstudio.socketio.protocol,AckArgs,0.0,0.0,1.0,1.0,-0.0,0.0
netty-socketio,com.corundumstudio.socketio.protocol,AuthPacket,6.0,2.0,1.0,1.0,0.75,0.0
netty-socketio,com.corundumstudio.socketio.protocol,ConnPacket,0.0,0.0,1.0,1.0,-0.0,0.0
netty-socketio,com.corundumstudio.socketio.protocol,Event,4.0,2.0,2.0,2.0,0.6666666666666666,0.5
netty-socketio,com.corundumstudio.socketio.protocol,JacksonJsonSupport,314.0,277.0,12.0,12.0,0.9461538461538462,0.4444444444444444
netty-socketio,com.corundumstudio.socketio.protocol,AckArgsDeserializer,1.0,0.0,2.0,2.0,2.0,1.0
netty-socketio,com.corundumstudio.socketio.protocol,EventKey,0.0,0.0,1.0,1.0,-0.0,0.0
netty-socketio,com.corundumstudio.socketio.protocol,EventDeserializer,1.0,1.0,2.0,2.0,1.5,1.0
netty-socketio,com.corundumstudio.socketio.protocol,ByteArraySerializer,33.0,30.0,7.0,6.0,0.9375,0.6666666666666666
netty-socketio,com.corundumstudio.socketio.protocol,ExBeanSerializerModifier,0.0,0.0,1.0,1.0,-0.0,0.0
netty-socketio,com.corundumstudio.socketio.protocol,JsonSupport,15.0,0.0,6.0,6.0,0.0,-1.0
netty-socketio,com.corundumstudio.socketio.protocol,Packet,276.0,227.0,3.0,2.0,0.9018181818181819,0.07692307692307693
netty-socketio,com.corundumstudio.socketio.protocol,PacketDecoder,104.0,103.0,14.0,2.0,0.9642857142857143,0.13333333333333333
netty-socketio,com.corundumstudio.socketio.protocol,PacketEncoder,87.0,83.0,11.0,2.0,0.979020979020979,0.14285714285714285
netty-socketio,com.corundumstudio.socketio.protocol,UTF8CharsScanner,1.0,0.0,2.0,1.0,1.5,0.0
netty-socketio,com.corundumstudio.socketio.protocol,PacketTest,10.0,0.0,5.0,2.0,0.0,0.4
netty-socketio,com.corundumstudio.socketio.scheduler,CancelableScheduler,15.0,0.0,6.0,6.0,0.0,-1.0
netty-socketio,com.corundumstudio.socketio.scheduler,HashedWheelScheduler,35.0,4.0,2.0,2.0,0.6363636363636364,0.16666666666666666
netty-socketio,com.corundumstudio.socketio.scheduler,HashedWheelTimeoutScheduler,41.0,4.0,2.0,2.0,0.638888888888889,0.15384615384615385
netty-socketio,com.corundumstudio.socketio.scheduler,SchedulerKey,0.0,0.0,1.0,1.0,-0.0,0.0
netty-socketio,com.corundumstudio.socketio.store,HazelcastPubSubStore,7.0,0.0,2.0,2.0,0.65,0.3333333333333333
netty-socketio,com.corundumstudio.socketio.store,HazelcastStore,0.0,0.0,1.0,1.0,-0.0,0.0
netty-socketio,com.corundumstudio.socketio.store,HazelcastStoreFactory,9.0,0.0,2.0,2.0,0.5833333333333334,0.2857142857142857
netty-socketio,com.corundumstudio.socketio.store,MemoryPubSubStore,6.0,0.0,4.0,4.0,0.0,1.0
netty-socketio,com.corundumstudio.socketio.store,MemoryStore,0.0,0.0,1.0,1.0,-0.0,0.0
netty-socketio,com.corundumstudio.socketio.store,MemoryStoreFactory,10.0,10.0,5.0,5.0,1.0,1.0
netty-socketio,com.corundumstudio.socketio.store,RedissonPubSubStore,7.0,0.0,2.0,2.0,0.65,0.3333333333333333
netty-socketio,com.corundumstudio.socketio.store,RedissonStore,0.0,0.0,1.0,1.0,-0.0,0.0
netty-socketio,com.corundumstudio.socketio.store,RedissonStoreFactory,9.0,0.0,2.0,2.0,0.5833333333333334,0.2857142857142857
netty-socketio,com.corundumstudio.socketio.store,Store,6.0,0.0,4.0,4.0,0.0,-1.0
netty-socketio,com.corundumstudio.socketio.store,StoreFactory,10.0,0.0,5.0,5.0,0.0,-1.0
netty-socketio,com.corundumstudio.socketio.store.pubsub,BaseStoreFactory,38.0,10.0,5.0,4.0,0.6818181818181818,0.3333333333333333
netty-socketio,com.corundumstudio.socketio.store.pubsub,BulkJoinLeaveMessage,7.0,4.0,2.0,2.0,0.875,0.4
netty-socketio,com.corundumstudio.socketio.store.pubsub,ConnectMessage,2.0,1.0,2.0,2.0,1.0,0.6666666666666666
netty-socketio,com.corundumstudio.socketio.store.pubsub,DisconnectMessage,2.0,1.0,2.0,2.0,1.0,0.6666666666666666
netty-socketio,com.corundumstudio.socketio.store.pubsub,DispatchMessage,7.0,4.0,2.0,2.0,0.875,0.4
netty-socketio,com.corundumstudio.socketio.store.pubsub,JoinLeaveMessage,7.0,4.0,2.0,2.0,0.875,0.4
netty-socketio,com.corundumstudio.socketio.store.pubsub,PubSubListener,0.0,0.0,1.0,1.0,0.0,-1.0
netty-socketio,com.corundumstudio.socketio.store.pubsub,PubSubMessage,0.0,0.0,1.0,1.0,1.0,0.0
netty-socketio,com.corundumstudio.socketio.store.pubsub,PubSubStore,6.0,0.0,4.0,4.0,0.0,-1.0
netty-socketio,com.corundumstudio.socketio.transport,NamespaceClient,228.0,50.0,6.0,1.0,0.7678571428571429,0.0
netty-socketio,com.corundumstudio.socketio.transport,PollingTransport,13.0,0.0,3.0,1.0,0.6857142857142857,0.0
netty-socketio,com.corundumstudio.socketio.transport,WebSocketTransport,16.0,0.0,1.0,1.0,0.6984126984126984,0.0
netty-socketio,com.corundumstudio.socketio.transport,HttpTransportTest,108.0,80.0,8.0,3.0,0.90625,0.11764705882352941
netty-socketio,com.corundumstudio.socketio.transport,WebSocketTransportTest,3.0,0.0,3.0,2.0,0.0,0.6666666666666666
netty-socketio,com.corundumstudio.socketio.parser,DecoderAckPacketTest,10.0,0.0,5.0,3.0,0.0,0.4
netty-socketio,com.corundumstudio.socketio.parser,DecoderBaseTest,0.0,0.0,1.0,1.0,0.0,0.0
netty-socketio,com.corundumstudio.socketio.parser,DecoderConnectionPacketTest,6.0,0.0,4.0,4.0,0.0,0.0
netty-socketio,com.corundumstudio.socketio.parser,DecoderEventPacketTest,3.0,0.0,3.0,3.0,0.0,0.6666666666666666
netty-socketio,com.corundumstudio.socketio.parser,DecoderJsonPacketTest,3.0,0.0,3.0,3.0,0.0,0.0
netty-socketio,com.corundumstudio.socketio.parser,DecoderMessagePacketTest,3.0,0.0,3.0,3.0,0.0,0.0
netty-socketio,com.corundumstudio.socketio.parser,EncoderAckPacketTest,1.0,0.0,2.0,2.0,0.0,1.0
netty-socketio,com.corundumstudio.socketio.parser,EncoderBaseTest,0.0,0.0,1.0,1.0,0.0,-1.0
netty-socketio,com.corundumstudio.socketio.parser,EncoderConnectionPacketTest,6.0,0.0,4.0,4.0,0.0,1.0
netty-socketio,com.corundumstudio.socketio.parser,EncoderEventPacketTest,3.0,0.0,3.0,3.0,0.0,1.0
netty-socketio,com.corundumstudio.socketio.parser,EncoderMessagePacketTest,1.0,0.0,2.0,2.0,0.0,1.0
netty-socketio,com.corundumstudio.socketio.parser,PayloadTest,2.0,1.0,4.0,4.0,1.1666666666666667,0.6666666666666666
