Project Name,Package Name,Type Name,LCOM1,LCOM2,LCOM3,LCOM4,LCOM5,YALCOM
netty-socketio,com.corundumstudio.socketio.annotation,OnConnectScanner,6.0,0.0,4.0,4.0,0.0,1.0
netty-socketio,com.corundumstudio.socketio.annotation,OnDisconnectScanner,6.0,0.0,4.0,4.0,0.0,1.0
netty-socketio,com.corundumstudio.socketio.handler,SocketIOException,3.0,0.0,3.0,3.0,1.5,1.0
netty-socketio,com.corundumstudio.socketio.listener,ExceptionListenerAdapter,15.0,0.0,6.0,6.0,0.0,1.0
netty-socketio,com.corundumstudio.socketio.protocol,AckArgsDeserializer,1.0,0.0,2.0,2.0,2.0,1.0
netty-socketio,com.corundumstudio.socketio.protocol,EventDeserializer,1.0,1.0,2.0,2.0,1.5,1.0
netty-socketio,com.corundumstudio.socketio.store,MemoryPubSubStore,6.0,0.0,4.0,4.0,0.0,1.0
netty-socketio,com.corundumstudio.socketio.store,MemoryStoreFactory,10.0,10.0,5.0,5.0,1.0,1.0
netty-socketio,com.corundumstudio.socketio.parser,EncoderAckPacketTest,1.0,0.0,2.0,2.0,0.0,1.0
netty-socketio,com.corundumstudio.socketio.parser,EncoderConnectionPacketTest,6.0,0.0,4.0,4.0,0.0,1.0
